CustomerID,Frequency,Recency,MonetaryValue,AverageOrderValue,TotalQuantity,Customer_Status
12347,7,2,4310.0,615.71,2458,VIP
12348,4,75,1797.24,449.31,2341,Inactive
12349,1,19,1757.55,1757.55,631,Inactive
12350,1,310,334.4,334.4,197,Inactive
12352,7,36,2385.71,340.82,473,Risk
12353,1,204,89.0,89.0,20,Inactive
12354,1,232,1079.4,1079.4,530,Inactive
12355,1,214,459.4,459.4,240,Inactive
12356,3,23,2811.43,937.14,1591,Inactive
12357,1,33,6207.67,6207.67,2708,Inactive
12358,2,2,1168.06,584.03,248,New
12359,4,58,6372.58,1593.14,1622,Inactive
12360,3,52,2662.06,887.35,1165,Inactive
12361,1,287,189.9,189.9,91,Inactive
12362,10,3,5226.23,522.62,2229,VIP
12363,2,110,552.0,276.0,408,Inactive
12364,4,8,1313.1,328.28,1506,New
12365,1,291,320.69,320.69,1,Inactive
12367,1,4,168.9,168.9,173,New
12370,4,51,3545.69,886.42,2353,Inactive
12371,2,45,1887.96,943.98,591,Inactive
12372,3,72,1298.04,432.68,794,Inactive
12373,1,311,364.6,364.6,197,Inactive
12374,1,25,742.93,742.93,342,Inactive
12375,2,11,457.5,228.75,178,New
12377,2,315,1628.12,814.06,944,Inactive
12378,1,130,4008.62,4008.62,2529,Inactive
12379,2,82,852.24,426.12,407,Inactive
12380,4,22,2724.81,681.2,1127,Inactive
12381,5,5,1845.31,369.06,808,Loyal
12383,5,185,1850.56,370.11,1532,Risk
12384,2,29,585.27,292.64,126,Inactive
12386,2,338,401.9,200.95,354,Inactive
12388,6,16,2780.66,463.44,1462,VIP
12390,1,80,549.84,549.84,353,Inactive
12391,1,22,460.89,460.89,300,Inactive
12393,4,72,1582.6,395.65,816,Inactive
12394,2,64,1272.48,636.24,819,Inactive
12395,12,19,3018.63,251.55,2118,Risk
12397,2,36,2409.9,1204.95,1263,Inactive
12398,1,46,1635.66,1635.66,1394,Inactive
12399,4,119,1108.65,277.16,1178,Inactive
12401,1,303,84.3,84.3,11,Inactive
12402,1,323,225.6,225.6,94,Inactive
12403,1,50,427.7,427.7,96,Inactive
12405,1,149,1710.39,1710.39,857,Inactive
12406,2,22,3415.3,1707.65,1818,Inactive
12407,5,50,1708.12,341.62,1416,Risk
12408,5,33,2888.55,577.71,1409,Risk
12409,3,79,11072.67,3690.89,5551,Inactive
12410,2,309,693.33,346.66,211,Inactive
12412,3,75,1226.88,408.96,829,Inactive
12413,3,67,758.1,252.7,286,Inactive
12414,3,217,562.41,187.47,300,Inactive
12415,20,24,124755.88,6237.79,77277,Risk
12417,9,3,3649.1,405.46,1552,Loyal
12418,1,113,668.58,668.58,407,Inactive
12420,1,64,600.39,600.39,345,Inactive
12421,4,16,807.04,201.76,484,New
12422,3,96,803.56,267.85,370,Inactive
12423,8,1,1859.31,232.41,1339,Loyal
12424,2,163,1760.96,880.48,740,Inactive
12425,1,78,777.2,777.2,496,Inactive
12426,1,195,582.73,582.73,258,Inactive
12427,3,22,825.8,275.27,533,Inactive
12428,9,26,7956.46,884.05,3536,Risk
12429,4,9,3750.4,937.6,1557,New
12430,1,43,256.4,256.4,117,Inactive
12431,15,36,6487.45,432.5,2906,Risk
12432,5,43,5059.32,1011.86,1801,Risk
12433,7,1,13375.87,1910.84,11071,VIP
12434,2,85,806.14,403.07,394,Inactive
12435,2,80,7829.89,3914.94,2055,Inactive
12436,1,100,509.01,509.01,211,Inactive
12437,18,2,4951.41,275.08,2922,Loyal
12438,2,14,2906.85,1453.42,1180,New
12441,1,367,173.55,173.55,121,Inactive
12442,1,3,172.06,172.06,182,New
12444,5,21,5005.46,1001.09,1153,Risk
12445,1,22,133.4,133.4,62,Inactive
12446,1,58,1002.31,1002.31,351,Inactive
12447,1,243,476.49,476.49,190,Inactive
12448,1,44,449.45,449.45,243,Inactive
12449,4,22,4067.29,1016.82,1553,Inactive
12450,2,156,197.88,98.94,128,Inactive
12451,5,11,9035.52,1807.1,6575,VIP
12452,2,17,430.57,215.28,185,New
12453,1,134,707.09,707.09,473,Inactive
12455,6,73,2466.86,411.14,2089,Risk
12456,3,44,3181.04,1060.35,1633,Inactive
12457,5,66,1987.88,397.58,710,Risk
12458,2,71,947.4,473.7,506,Inactive
12461,2,94,826.88,413.44,287,Inactive
12462,2,19,1189.59,594.8,536,Inactive
12463,4,53,1344.78,336.2,776,Inactive
12464,8,10,1212.05,151.51,112,Loyal
12465,2,17,742.19,371.1,479,New
12468,2,188,729.54,364.77,366,Inactive
12471,30,2,19824.05,660.8,8212,VIP
12472,7,32,6572.11,938.87,4148,Risk
12473,5,29,3938.55,787.71,2439,Risk
12474,18,17,7375.79,409.77,4847,Loyal
12475,1,54,723.38,723.38,535,Inactive
12476,11,16,6816.42,619.67,2408,VIP
12477,6,23,13219.74,2203.29,3653,Risk
12478,1,4,680.99,680.99,236,New
12479,1,11,527.2,527.2,385,New
12480,4,28,3281.63,820.41,1707,Inactive
12481,10,23,5596.32,559.63,3304,Risk
12483,8,17,2484.98,310.62,1110,Loyal
12484,6,33,4541.72,756.95,2191,Risk
12488,3,10,1298.66,432.89,529,New
12489,1,336,334.93,334.93,105,Inactive
12490,10,5,5417.93,541.79,3064,VIP
12491,1,39,460.4,460.4,260,Inactive
12492,2,63,263.21,131.61,192,Inactive
12493,2,166,433.74,216.87,207,Inactive
12494,7,16,1246.1,178.01,707,Loyal
12497,1,82,1043.1,1043.1,1236,Inactive
12498,3,21,403.7,134.57,159,Inactive
12500,11,23,4257.82,387.07,2678,Risk
12501,1,337,2169.39,2169.39,1783,Inactive
12502,5,96,3723.87,744.77,820,Risk
12504,2,18,482.05,241.02,90,New
12506,1,233,73.5,73.5,23,Inactive
12507,3,134,1304.81,434.94,894,Inactive
12508,2,26,398.27,199.14,272,Inactive
12509,1,284,176.5,176.5,55,Inactive
12510,2,143,982.57,491.28,353,Inactive
12512,2,66,138.03,69.02,99,Inactive
12513,1,113,612.29,612.29,462,Inactive
12514,1,267,1017.68,1017.68,440,Inactive
12515,1,353,383.7,383.7,131,Inactive
12516,2,78,1312.06,656.03,875,Inactive
12517,5,28,2502.84,500.57,1371,Risk
12518,5,1,2056.89,411.38,1318,Loyal
12519,1,64,340.84,340.84,183,Inactive
12520,5,79,2634.26,526.85,1439,Risk
12521,1,143,599.68,599.68,309,Inactive
12522,2,39,192.72,96.36,194,Inactive
12523,11,19,1789.77,162.71,865,Risk
12524,8,9,4485.72,560.71,3699,VIP
12526,3,1,1316.66,438.89,632,New
12527,3,82,348.71,116.24,234,Inactive
12528,6,9,1933.48,322.25,756,Loyal
12530,4,60,1662.28,415.57,913,Inactive
12531,1,15,125.22,125.22,45,New
12532,1,30,349.83,349.83,153,Inactive
12534,1,131,1089.18,1089.18,651,Inactive
12535,2,92,716.35,358.17,219,Inactive
12536,3,43,12601.83,4200.61,2803,Inactive
12538,1,29,363.95,363.95,191,Inactive
12539,3,22,3852.5,1284.17,1424,Inactive
12540,17,20,13400.24,788.25,6685,Risk
12541,3,30,981.18,327.06,680,Inactive
12544,1,36,372.7,372.7,136,Inactive
12545,2,75,1000.39,500.2,523,Inactive
12546,2,47,1161.5,580.75,633,Inactive
12547,2,198,207.8,103.9,134,Inactive
12548,1,166,95.2,95.2,49,Inactive
12550,1,79,964.83,964.83,569,Inactive
12551,1,358,168.0,168.0,100,Inactive
12552,2,39,437.82,218.91,88,Inactive
12553,10,8,3692.28,369.23,1965,Loyal
12556,2,50,603.71,301.86,358,Inactive
12557,5,16,11990.96,2398.19,4384,VIP
12559,2,311,561.71,280.86,283,Inactive
12560,3,5,2134.01,711.34,1110,New
12561,1,303,238.85,238.85,177,Inactive
12562,7,8,3781.74,540.25,1779,VIP
12564,1,261,456.9,456.9,133,Inactive
12565,1,289,145.92,145.92,80,Inactive
12566,1,86,351.65,351.65,265,Inactive
12567,9,23,9114.94,1012.77,4089,Risk
12569,32,2,4124.69,128.9,1801,Loyal
12571,2,40,519.61,259.8,523,Inactive
12572,2,9,1020.42,510.21,452,New
12573,1,227,160.54,160.54,84,Inactive
12574,1,316,218.45,218.45,61,Inactive
12576,5,36,1315.83,263.17,967,Risk
12577,3,35,657.8,219.27,472,Inactive
12578,2,21,2794.51,1397.26,1196,Inactive
12579,1,78,440.42,440.42,285,Inactive
12580,1,247,415.7,415.7,238,Inactive
12581,1,40,197.71,197.71,161,Inactive
12582,2,239,511.36,255.68,300,Inactive
12583,15,3,7281.38,485.43,5060,VIP
12584,9,4,2338.15,259.79,416,Loyal
12585,2,234,2040.1,1020.05,1279,Inactive
12586,1,17,196.94,196.94,79,New
12587,1,8,144.0,144.0,51,New
12588,1,39,214.9,214.9,53,Inactive
12589,2,29,646.68,323.34,306,Inactive
12590,2,211,9864.26,4932.13,4283,Inactive
12591,1,317,452.85,452.85,228,Inactive
12592,2,92,437.6,218.8,290,Inactive
12593,3,109,418.1,139.37,206,Inactive
12594,10,38,3338.22,333.82,1777,Risk
12596,2,51,618.27,309.14,474,Inactive
12597,4,19,3811.22,952.8,2236,Inactive
12598,8,10,3023.08,377.88,1964,Loyal
12599,7,29,1032.58,147.51,956,Risk
12600,10,29,2599.04,259.9,774,Risk
12601,5,190,577.06,115.41,245,Risk
12602,1,59,153.12,153.12,162,Inactive
12603,1,22,739.2,739.2,63,Inactive
12604,2,79,254.18,127.09,201,Inactive
12609,3,78,1126.85,375.62,648,Inactive
12610,5,23,2099.54,419.91,1049,Risk
12611,1,52,1193.32,1193.32,846,Inactive
12612,1,74,704.04,704.04,262,Inactive
12613,5,57,3344.38,668.88,1644,Risk
12614,1,278,315.6,315.6,76,Inactive
12615,4,2,2291.19,572.8,1376,New
12616,2,95,713.3,356.65,284,Inactive
12617,1,29,355.53,355.53,213,Inactive
12618,1,22,177.31,177.31,96,Inactive
12619,8,16,3251.56,406.44,3377,Loyal
12620,3,15,1339.41,446.47,1181,New
12621,20,2,13689.67,684.48,7440,VIP
12622,1,232,180.1,180.1,69,Inactive
12623,1,276,305.1,305.1,191,Inactive
12624,2,106,641.13,320.56,355,Inactive
12625,2,212,2683.82,1341.91,1612,Inactive
12626,9,23,6620.48,735.61,3453,Risk
12627,7,11,4478.53,639.79,2752,VIP
12628,3,4,786.46,262.15,448,New
12630,2,10,1270.88,635.44,548,New
12631,1,57,640.5,640.5,236,Inactive
12633,4,59,2163.98,541.0,1162,Inactive
12635,2,90,1689.18,844.59,1172,Inactive
12637,8,67,6021.9,752.74,3002,Risk
12638,1,33,671.69,671.69,577,Inactive
12639,1,239,486.1,486.1,201,Inactive
12640,3,24,1174.58,391.53,311,Inactive
12641,1,115,185.9,185.9,72,Inactive
12642,3,25,1013.26,337.75,552,Inactive
12643,6,128,3344.64,557.44,1808,Risk
12644,1,130,477.91,477.91,325,Inactive
12645,4,34,1775.18,443.8,1084,Inactive
12646,2,5,1346.97,673.48,897,New
12647,12,22,3722.82,310.23,1431,Risk
12648,1,155,318.05,318.05,160,Inactive
12649,3,107,623.51,207.84,586,Inactive
12650,1,3,314.44,314.44,254,New
12651,1,335,114.0,114.0,78,Inactive
12652,1,331,919.98,919.98,505,Inactive
12653,2,149,2209.85,1104.92,919,Inactive
12654,5,11,601.98,120.4,264,Loyal
12656,5,17,4051.17,810.23,1723,VIP
12657,3,11,1152.06,384.02,654,New
12658,1,19,686.05,686.05,320,Inactive
12659,1,30,91.68,91.68,105,Inactive
12660,1,11,245.1,245.1,127,New
12662,11,1,3849.78,349.98,2058,Loyal
12664,9,8,4881.88,542.43,1203,VIP
12665,1,325,63.0,63.0,37,Inactive
12667,1,58,620.13,620.13,395,Inactive
12668,4,12,3807.15,951.79,1634,New
12669,2,151,1607.73,803.86,267,Inactive
12670,5,10,2996.05,599.21,1397,VIP
12672,1,330,225.9,225.9,78,Inactive
12673,2,5,610.52,305.26,351,New
12674,4,39,1970.6,492.65,1133,Inactive
12676,6,25,1331.39,221.9,670,Risk
12678,12,42,17628.46,1469.04,10923,Risk
12679,4,59,1113.02,278.26,554,Inactive
12680,4,1,862.81,215.7,443,New
12681,22,15,13787.54,626.71,7536,VIP
12682,31,4,12288.22,396.39,5575,Loyal
12683,15,4,8476.57,565.1,4987,VIP
12684,7,8,2283.63,326.23,1985,Loyal
12685,6,28,2863.08,477.18,1523,Risk
12686,1,372,89.14,89.14,107,Inactive
12688,1,114,4873.81,4873.81,3028,Inactive
12689,2,26,1247.61,623.8,628,Inactive
12690,1,206,389.01,389.01,106,Inactive
12691,6,28,1035.8,172.63,394,Risk
12693,4,127,855.91,213.98,255,Inactive
12694,2,70,869.67,434.84,509,Inactive
12695,4,7,582.1,145.52,220,New
12697,3,29,957.59,319.2,508,Inactive
12700,4,8,4939.99,1235.0,2967,New
12701,2,80,797.71,398.86,678,Inactive
12702,1,20,219.0,219.0,53,Inactive
12703,1,71,283.55,283.55,164,Inactive
12704,8,7,2340.84,292.6,1006,Loyal
12705,9,15,6868.29,763.14,3997,VIP
12707,1,292,603.42,603.42,256,Inactive
12708,10,30,2712.91,271.29,1307,Risk
12709,15,15,9736.52,649.1,3936,VIP
12710,3,97,1149.02,383.01,851,Inactive
12712,13,29,4396.13,338.16,1062,Risk
12713,1,1,848.55,848.55,508,New
12714,5,9,4708.86,941.77,3069,VIP
12715,1,106,353.86,353.86,197,Inactive
12716,2,4,1053.49,526.74,708,New
12717,2,151,1030.98,515.49,506,Inactive
12718,1,71,238.25,238.25,203,Inactive
12719,2,5,644.95,322.48,374,New
12720,25,3,5781.73,231.27,4672,Loyal
12721,6,32,2656.13,442.69,1959,Risk
12722,4,85,997.63,249.41,566,Inactive
12723,5,4,725.07,145.01,434,Loyal
12724,4,5,1031.41,257.85,445,New
12725,1,371,427.8,427.8,164,Inactive
12726,7,28,2609.1,372.73,3143,Risk
12727,7,11,3980.7,568.67,2098,VIP
12728,4,71,836.33,209.08,419,Inactive
12729,1,114,453.01,453.01,233,Inactive
12731,12,24,18895.91,1574.66,8437,Risk
12732,1,180,236.26,236.26,111,Inactive
12733,1,234,383.95,383.95,137,Inactive
12734,1,353,110.4,110.4,88,Inactive
12735,2,315,779.57,389.78,368,Inactive
12736,1,333,234.0,234.0,173,Inactive
12738,1,372,155.35,155.35,148,Inactive
12739,2,78,1013.04,506.52,486,Inactive
12740,1,64,427.6,427.6,342,Inactive
12743,2,134,546.43,273.22,319,Inactive
12744,5,52,15188.45,3037.69,4146,Risk
12747,11,2,4196.01,381.46,1275,Loyal
12748,204,1,31280.7,153.34,22843,Loyal
12749,5,4,4090.88,818.18,1471,VIP
12750,1,129,275.88,275.88,137,Inactive
12752,1,81,4366.78,4366.78,2262,Inactive
12753,6,23,21429.39,3571.56,11421,Risk
12754,1,236,2949.12,2949.12,6432,Inactive
12755,1,366,3794.4,3794.4,1488,Inactive
12756,1,87,112.08,112.08,144,Inactive
12757,10,16,5499.68,549.97,2399,VIP
12758,2,117,2791.59,1395.8,2135,Inactive
12759,3,52,1531.44,510.48,902,Inactive
12762,2,8,1898.52,949.26,1227,New
12763,2,138,494.08,247.04,316,Inactive
12764,1,317,1693.88,1693.88,386,Inactive
12766,7,4,6989.63,998.52,3646,VIP
12769,1,239,1143.6,1143.6,356,Inactive
12770,1,211,1351.45,1351.45,743,Inactive
12772,1,60,892.47,892.47,556,Inactive
12775,5,17,1386.04,277.21,877,Loyal
12778,6,20,822.23,137.04,825,Risk
12779,8,38,3981.36,497.67,2024,Risk
12781,2,64,826.74,413.37,671,Inactive
12782,5,5,2330.92,466.18,1086,VIP
12783,4,2,1603.87,400.97,447,New
12784,2,9,574.42,287.21,300,New
12785,1,364,311.95,311.95,131,Inactive
12787,3,10,463.66,154.55,261,New
12789,1,65,91.85,91.85,4,Inactive
12790,1,192,324.92,324.92,166,Inactive
12791,1,374,192.6,192.6,97,Inactive
12792,1,257,400.54,400.54,217,Inactive
12793,2,335,545.48,272.74,295,Inactive
12794,2,53,860.41,430.2,592,Inactive
12795,1,19,430.48,430.48,68,Inactive
12797,1,366,254.03,254.03,118,Inactive
12798,3,10,6977.04,2325.68,5256,New
12802,1,187,427.58,427.58,314,Inactive
12808,3,37,483.65,161.22,188,Inactive
12809,1,178,489.31,489.31,220,Inactive
12811,3,261,514.85,171.62,230,Inactive
12812,1,45,229.64,229.64,164,Inactive
12814,1,102,125.92,125.92,49,Inactive
12815,2,148,1063.46,531.73,379,Inactive
12816,2,96,572.2,286.1,128,Inactive
12817,1,281,166.04,166.04,53,Inactive
12818,1,262,1542.08,1542.08,929,Inactive
12820,4,3,942.34,235.58,722,New
12821,1,214,92.72,92.72,70,Inactive
12822,2,71,948.88,474.44,550,Inactive
12823,5,75,1759.5,351.9,230,Risk
12824,1,60,397.12,397.12,232,Inactive
12826,7,3,1474.72,210.67,1058,Loyal
12827,3,6,430.15,143.38,197,New
12828,6,3,1018.71,169.78,494,Loyal
12829,2,337,293.0,146.5,376,Inactive
12830,6,38,6814.64,1135.77,9848,Risk
12831,1,262,215.05,215.05,135,Inactive
12832,2,32,383.03,191.52,195,Inactive
12833,1,145,417.38,417.38,156,Inactive
12834,1,283,312.38,312.38,110,Inactive
12836,4,59,2612.86,653.22,1064,Inactive
12837,1,173,134.1,134.1,24,Inactive
12838,2,34,683.13,341.57,359,Inactive
12839,14,3,5591.42,399.39,3807,Loyal
12840,4,144,2726.77,681.69,1511,Inactive
12841,25,5,4022.35,160.89,2757,Loyal
12842,2,70,1118.99,559.5,547,Inactive
12843,8,66,1702.26,212.78,781,Risk
12844,2,29,325.96,162.98,125,Inactive
12845,4,267,354.09,88.52,204,Inactive
12847,1,22,871.54,871.54,909,Inactive
12849,2,31,1050.89,525.44,623,Inactive
12851,1,97,135.18,135.18,109,Inactive
12852,1,295,311.55,311.55,149,Inactive
12853,6,135,1957.1,326.18,800,Risk
12854,3,79,1324.5,441.5,627,Inactive
12855,1,373,38.1,38.1,30,Inactive
12856,6,8,2179.93,363.32,1079,Loyal
12857,2,211,1106.4,553.2,343,Inactive
12863,1,52,521.2,521.2,188,Inactive
12864,1,138,147.12,147.12,216,Inactive
12865,2,26,1568.23,784.12,925,Inactive
12866,1,283,559.12,559.12,171,Inactive
12867,7,26,4036.82,576.69,4298,Risk
12868,6,186,1607.06,267.84,928,Risk
12871,2,84,380.64,190.32,200,Inactive
12872,2,327,599.97,299.98,319,Inactive
12873,1,282,374.0,374.0,128,Inactive
12875,2,143,343.23,171.62,2019,Inactive
12876,2,58,2218.02,1109.01,1941,Inactive
12877,12,4,1535.77,127.98,1178,Loyal
12878,2,236,854.99,427.5,547,Inactive
12879,3,45,573.22,191.07,370,Inactive
12881,1,276,298.0,298.0,21,Inactive
12882,2,9,1463.04,731.52,246,New
12883,4,25,703.47,175.87,196,Inactive
12884,1,88,309.05,309.05,43,Inactive
12885,3,63,1175.22,391.74,655,Inactive
12886,2,68,1378.4,689.2,770,Inactive
12888,2,214,354.12,177.06,76,Inactive
12890,1,24,380.47,380.47,259,Inactive
12891,3,186,331.0,110.33,950,Inactive
12893,1,31,188.14,188.14,96,Inactive
12895,2,42,372.8,186.4,210,Inactive
12897,2,205,216.5,108.25,110,Inactive
12901,27,9,17348.54,642.54,22715,VIP
12902,1,265,138.68,138.68,66,Inactive
12904,2,18,509.58,254.79,302,New
12906,5,12,2919.81,583.96,1749,VIP
12908,2,176,750.0,375.0,1200,Inactive
12909,5,40,2178.67,435.73,1280,Risk
12910,8,23,3075.04,384.38,1692,Risk
12912,5,3,1662.3,332.46,670,Loyal
12913,5,5,2483.63,496.73,1419,VIP
12915,2,149,363.65,181.82,93,Inactive
12916,4,139,3006.15,751.54,1119,Inactive
12917,1,128,594.0,594.0,120,Inactive
12919,6,8,1335.19,222.53,673,Loyal
12920,1,17,164.23,164.23,129,New
12921,37,9,16587.09,448.3,9526,VIP
12922,1,161,405.38,405.38,370,Inactive
12923,1,64,176.97,176.97,69,Inactive
12924,4,88,933.7,233.42,481,Inactive
12925,2,5,694.05,347.02,541,New
12928,5,35,2062.7,412.54,1472,Risk
12929,1,312,117.85,117.85,37,Inactive
12930,2,78,415.8,207.9,252,Inactive
12931,15,22,42055.96,2803.73,28004,Risk
12933,3,24,607.53,202.51,499,Inactive
12935,7,2,2160.7,308.67,1853,Loyal
12936,4,17,1063.9,265.98,559,New
12937,4,15,1504.27,376.07,1007,New
12938,1,26,114.14,114.14,140,Inactive
12939,8,64,11581.8,1447.72,4876,Risk
12940,2,55,913.54,456.77,411,Inactive
12942,3,131,683.9,227.97,203,Inactive
12944,2,36,604.51,302.26,289,Inactive
12945,1,288,462.95,462.95,165,Inactive
12947,6,144,1603.99,267.33,1165,Risk
12948,7,16,2064.95,294.99,1080,Loyal
12949,8,31,4167.22,520.9,2381,Risk
12950,3,2,1843.0,614.33,1380,New
12951,6,9,1064.07,177.35,503,Loyal
12952,4,6,1387.79,346.95,653,New
12953,1,10,329.85,329.85,84,New
12955,10,1,4740.16,474.02,3644,VIP
12956,1,306,108.07,108.07,34,Inactive
12957,8,10,4017.54,502.19,2549,VIP
12962,2,7,266.39,133.2,129,New
12963,8,8,1856.63,232.08,881,Loyal
12965,1,89,771.91,771.91,283,Inactive
12966,1,10,160.18,160.18,75,New
12967,2,358,1660.9,830.45,438,Inactive
12968,1,112,135.95,135.95,73,Inactive
12970,4,7,452.24,113.06,310,New
12971,85,4,10969.76,129.06,9252,Loyal
12974,1,198,144.8,144.8,24,Inactive
12976,1,212,738.6,738.6,561,Inactive
12977,1,156,39.24,39.24,12,Inactive
12980,9,158,7374.9,819.43,886,Risk
12981,2,30,372.22,186.11,242,Inactive
12982,1,243,390.54,390.54,288,Inactive
12984,1,19,97.5,97.5,26,Inactive
12985,2,1,1239.38,619.69,1533,New
12987,2,74,558.7,279.35,219,Inactive
12988,1,292,535.32,535.32,136,Inactive
12989,15,3,6924.11,461.61,2943,VIP
12990,3,31,409.5,136.5,200,Inactive
12991,2,23,503.76,251.88,405,Inactive
12993,4,23,414.76,103.69,240,Inactive
12994,3,4,974.42,324.81,459,New
12995,1,85,211.32,211.32,108,Inactive
12997,4,22,1226.89,306.72,664,Inactive
12999,3,196,455.88,151.96,342,Inactive
13000,3,107,534.85,178.28,379,Inactive
13001,13,4,9818.82,755.29,5505,VIP
13002,1,318,120.95,120.95,73,Inactive
13003,3,106,149.05,49.68,103,Inactive
13004,18,12,5655.91,314.22,4822,Loyal
13005,2,174,513.7,256.85,172,Inactive
13006,1,56,81.57,81.57,55,Inactive
13008,1,323,229.47,229.47,175,Inactive
13011,1,372,50.55,50.55,13,Inactive
13012,8,9,1661.84,207.73,824,Loyal
13013,13,1,4810.94,370.07,2224,Loyal
13014,10,11,3466.28,346.63,905,Loyal
13015,5,53,3346.28,669.26,1617,Risk
13016,3,73,789.89,263.3,527,Inactive
13017,1,7,204.0,204.0,48,New
13018,28,16,7277.7,259.92,5435,Loyal
13021,9,4,2616.38,290.71,1352,Loyal
13023,2,64,689.9,344.95,286,Inactive
13026,5,1,975.36,195.07,1620,Loyal
13027,6,114,6912.0,1152.0,17280,Risk
13028,2,23,661.32,330.66,798,Inactive
13029,3,31,1247.5,415.83,134,Inactive
13030,2,11,799.48,399.74,394,New
13032,2,52,1010.18,505.09,375,Inactive
13033,1,357,190.55,190.55,83,Inactive
13034,2,55,642.77,321.38,369,Inactive
13035,2,74,921.88,460.94,644,Inactive
13037,3,138,881.07,293.69,431,Inactive
13038,3,80,908.46,302.82,360,Inactive
13040,2,9,676.99,338.5,355,New
13043,1,273,516.42,516.42,254,Inactive
13044,1,291,560.47,560.47,429,Inactive
13045,1,99,305.28,305.28,221,Inactive
13046,2,31,629.31,314.65,264,Inactive
13047,10,32,3237.54,323.75,1391,Risk
13048,4,14,1835.91,458.98,1238,New
13049,2,64,656.68,328.34,268,Inactive
13050,17,15,5836.86,343.34,3748,Loyal
13052,1,212,348.15,348.15,222,Inactive
13055,3,78,1214.41,404.8,894,Inactive
13058,3,25,271.4,90.47,52,Inactive
13059,1,250,183.4,183.4,35,Inactive
13060,1,254,307.53,307.53,123,Inactive
13061,1,72,248.61,248.61,107,Inactive
13062,1,191,346.98,346.98,343,Inactive
13064,4,13,1119.49,279.87,516,New
13065,1,373,205.86,205.86,74,Inactive
13066,2,24,470.8,235.4,322,Inactive
13067,1,82,115.46,115.46,32,Inactive
13068,2,10,344.0,172.0,200,New
13069,23,1,4105.78,178.51,5671,Loyal
13070,1,192,228.8,228.8,110,Inactive
13072,1,267,177.15,177.15,69,Inactive
13075,1,130,919.61,919.61,485,Inactive
13077,4,1,729.27,182.32,863,New
13078,26,3,12627.94,485.69,5630,VIP
13079,5,4,220.1,44.02,62,Loyal
13080,1,179,58.08,58.08,120,Inactive
13081,11,12,28337.38,2576.13,19068,VIP
13082,9,126,3613.63,401.51,4324,Risk
13083,2,4,303.75,151.88,187,New
13085,2,158,416.08,208.04,216,Inactive
13089,96,3,58406.43,608.4,31058,VIP
13090,14,9,8910.82,636.49,2263,VIP
13091,1,28,345.82,345.82,466,Inactive
13092,5,71,477.83,95.57,279,Risk
13093,8,276,7832.47,979.06,3961,Risk
13094,11,21,1721.58,156.51,1554,Risk
13095,1,71,74.4,74.4,144,Inactive
13097,10,33,6010.42,601.04,2363,Risk
13098,28,1,28882.44,1031.52,15968,VIP
13099,1,99,207.36,207.36,288,Inactive
13101,1,234,101.19,101.19,113,Inactive
13102,24,1,6424.09,267.67,4204,Loyal
13103,1,40,243.94,243.94,82,Inactive
13104,6,3,1098.48,183.08,504,Loyal
13106,1,133,76.5,76.5,18,Inactive
13107,4,44,1531.62,382.9,1293,Inactive
13108,1,373,350.06,350.06,298,Inactive
13109,2,60,786.54,393.27,520,Inactive
13110,7,31,1488.67,212.67,388,Risk
13113,24,1,12245.96,510.25,3045,VIP
13115,4,12,2294.78,573.7,1567,New
13116,1,138,501.14,501.14,291,Inactive
13117,8,22,984.91,123.11,945,Risk
13118,5,20,1197.81,239.56,410,Risk
13120,1,239,30.6,30.6,12,Inactive
13121,1,269,283.73,283.73,252,Inactive
13122,2,94,922.39,461.2,585,Inactive
13124,3,90,3866.33,1288.78,2147,Inactive
13126,8,5,2099.64,262.46,2143,Loyal
13127,1,78,259.17,259.17,127,Inactive
13130,1,94,64.0,64.0,32,Inactive
13131,3,23,1073.3,357.77,447,Inactive
13132,1,262,77.3,77.3,20,Inactive
13133,2,274,109.8,54.9,32,Inactive
13134,4,86,1793.58,448.4,1059,Inactive
13135,1,197,3096.0,3096.0,4300,Inactive
13136,5,56,2607.61,521.52,1328,Risk
13137,8,11,3650.41,456.3,2226,VIP
13138,6,22,962.39,160.4,473,Risk
13139,7,16,5064.94,723.56,2425,VIP
13140,3,108,423.72,141.24,186,Inactive
13141,5,85,2388.75,477.75,1548,Risk
13142,1,19,307.09,307.09,258,Inactive
13144,1,333,110.95,110.95,21,Inactive
13145,4,40,618.52,154.63,145,Inactive
13146,1,26,228.91,228.91,154,Inactive
13147,4,10,712.8,178.2,144,New
13148,12,29,3707.12,308.93,1975,Risk
13149,4,14,1676.06,419.02,1280,New
13151,1,296,1257.87,1257.87,363,Inactive
13153,1,6,486.22,486.22,418,New
13155,4,33,971.76,242.94,497,Inactive
13157,4,49,1741.22,435.3,1439,Inactive
13158,4,95,1201.06,300.26,784,Inactive
13159,4,9,1437.85,359.46,1059,New
13160,1,22,91.8,91.8,56,Inactive
13161,1,313,112.75,112.75,29,Inactive
13162,4,122,1688.29,422.07,1713,Inactive
13165,2,46,1021.48,510.74,1376,Inactive
13166,1,283,417.2,417.2,216,Inactive
13167,4,19,791.33,197.83,785,Inactive
13168,4,36,1319.19,329.8,682,Inactive
13169,2,64,712.88,356.44,272,Inactive
13170,1,27,116.01,116.01,147,Inactive
13171,3,22,468.41,156.14,229,Inactive
13173,2,4,353.65,176.82,277,New
13174,3,16,2817.03,939.01,1395,New
13176,1,46,492.84,492.84,453,Inactive
13177,1,65,282.45,282.45,91,Inactive
13178,11,26,5725.47,520.5,3570,Risk
13182,1,45,121.18,121.18,201,Inactive
13183,9,8,3957.78,439.75,2208,VIP
13184,10,15,1701.29,170.13,1692,Loyal
13185,1,268,71.4,71.4,12,Inactive
13186,3,40,1575.89,525.3,820,Inactive
13187,1,337,236.02,236.02,95,Inactive
13188,1,11,114.6,114.6,25,New
13189,2,19,260.68,130.34,842,Inactive
13192,2,95,911.94,455.97,595,Inactive
13193,1,61,117.88,117.88,50,Inactive
13194,1,136,60.7,60.7,26,Inactive
13196,4,11,1797.78,449.44,1224,New
13198,6,10,3401.24,566.87,2648,VIP
13199,38,4,9817.12,258.35,6176,Loyal
13200,4,19,870.09,217.52,516,Inactive
13203,4,10,869.46,217.36,800,New
13207,2,15,250.26,125.13,130,New
13208,6,59,1223.9,203.98,804,Risk
13209,8,30,5891.61,736.45,4253,Risk
13210,1,94,353.48,353.48,316,Inactive
13211,3,10,1197.42,399.14,874,New
13212,3,20,788.08,262.69,310,Inactive
13213,5,57,1520.58,304.12,1360,Risk
13216,1,268,333.74,333.74,297,Inactive
13217,2,122,137.02,68.51,118,Inactive
13218,1,127,62.64,62.64,88,Inactive
13220,4,78,819.29,204.82,196,Inactive
13221,2,240,847.41,423.71,244,Inactive
13223,2,200,163.2,81.6,88,Inactive
13224,2,60,2155.95,1077.97,1518,Inactive
13225,7,3,6463.84,923.41,3416,VIP
13226,1,273,108.21,108.21,80,Inactive
13227,1,202,257.7,257.7,99,Inactive
13228,1,81,358.0,358.0,200,Inactive
13229,1,226,160.95,160.95,63,Inactive
13230,14,4,2806.97,200.5,1665,Loyal
13232,7,13,1357.6,193.94,778,Loyal
13233,2,74,605.12,302.56,1004,Inactive
13235,1,212,1031.07,1031.07,441,Inactive
13236,2,25,744.85,372.42,416,Inactive
13238,4,17,700.73,175.18,298,New
13239,1,262,329.56,329.56,327,Inactive
13240,4,96,663.65,165.91,298,Inactive
13242,3,112,270.4,90.13,130,Inactive
13243,1,203,600.07,600.07,233,Inactive
13244,1,93,121.74,121.74,38,Inactive
13245,1,51,430.5,430.5,125,Inactive
13246,6,18,1987.3,331.22,1602,Loyal
13247,4,18,501.12,125.28,328,New
13248,2,125,465.68,232.84,305,Inactive
13249,3,92,711.41,237.14,546,Inactive
13253,2,157,1030.4,515.2,1572,Inactive
13255,2,9,399.51,199.76,177,New
13258,3,12,698.58,232.86,287,New
13259,1,62,292.32,292.32,132,Inactive
13260,1,61,557.62,557.62,142,Inactive
13261,2,269,944.1,472.05,210,Inactive
13262,1,263,200.29,200.29,125,Inactive
13263,35,1,7454.07,212.97,4780,Loyal
13265,5,53,2107.66,421.53,1752,Risk
13266,12,11,3834.26,319.52,4428,Loyal
13267,19,3,4521.49,237.97,1969,Loyal
13268,11,18,3214.69,292.24,3658,Loyal
13269,15,1,5346.23,356.42,3514,Loyal
13270,1,366,590.0,590.0,200,Inactive
13271,1,37,217.38,217.38,253,Inactive
13272,2,31,276.56,138.28,96,Inactive
13273,1,113,138.98,138.98,153,Inactive
13276,2,64,590.93,295.47,161,Inactive
13277,4,16,258.4,64.6,176,New
13278,1,41,542.73,542.73,537,Inactive
13279,1,78,137.75,137.75,73,Inactive
13280,3,122,814.86,271.62,522,Inactive
13282,3,18,1132.14,377.38,307,New
13283,2,60,93.66,46.83,90,Inactive
13284,1,331,201.19,201.19,91,Inactive
13285,4,23,2709.12,677.28,2051,Inactive
13291,1,156,361.11,361.11,233,Inactive
13292,2,39,578.94,289.47,347,Inactive
13294,2,190,873.74,436.87,453,Inactive
13295,1,360,201.2,201.2,82,Inactive
13296,1,137,87.4,87.4,78,Inactive
13297,4,8,2089.85,522.46,963,New
13298,1,1,360.0,360.0,96,New
13299,1,268,142.5,142.5,30,Inactive
13300,1,169,371.89,371.89,203,Inactive
13301,4,104,618.09,154.52,345,Inactive
13302,1,155,63.75,63.75,5,Inactive
13304,1,351,300.42,300.42,238,Inactive
13305,10,4,2000.86,200.09,1232,Loyal
13307,1,120,15.0,15.0,4,Inactive
13308,3,23,1385.51,461.84,843,Inactive
13309,5,7,1456.79,291.36,1544,Loyal
13310,3,28,1132.03,377.34,587,Inactive
13311,2,4,598.57,299.29,305,New
13313,5,22,1555.32,311.06,851,Risk
13314,3,2,775.94,258.65,560,New
13316,4,37,5977.73,1494.43,6948,Inactive
13317,6,66,2273.68,378.95,1035,Risk
13318,3,1,640.76,213.59,304,New
13319,26,5,10845.55,417.14,4724,Loyal
13320,4,78,1548.7,387.18,1096,Inactive
13321,2,72,567.36,283.68,372,Inactive
13322,1,17,199.48,199.48,117,New
13323,5,3,787.85,157.57,175,Loyal
13324,10,36,7121.95,712.2,5205,Risk
13325,1,82,675.3,675.3,240,Inactive
13327,8,39,3627.77,453.47,1600,Risk
13328,1,316,1308.48,1308.48,680,Inactive
13329,2,32,789.0,394.5,463,Inactive
13330,3,93,1140.93,380.31,751,Inactive
13332,1,14,350.9,350.9,179,New
13334,3,82,3536.82,1178.94,1774,Inactive
13336,1,77,795.12,795.12,559,Inactive
13338,1,158,487.02,487.02,256,Inactive
13339,1,201,860.12,860.12,326,Inactive
13340,7,45,10736.48,1533.78,5770,Risk
13341,1,261,775.85,775.85,301,Inactive
13343,1,178,353.43,353.43,135,Inactive
13344,3,68,2543.72,847.91,971,Inactive
13345,1,288,389.5,389.5,141,Inactive
13347,1,70,341.36,341.36,205,Inactive
13348,1,64,233.76,233.76,136,Inactive
13349,1,11,247.32,247.32,225,New
13350,2,16,979.12,489.56,287,New
13351,1,66,373.94,373.94,117,Inactive
13352,1,60,397.98,397.98,321,Inactive
13354,1,71,743.53,743.53,604,Inactive
13355,1,122,674.7,674.7,314,Inactive
13356,1,80,768.24,768.24,325,Inactive
13357,1,257,609.95,609.95,322,Inactive
13358,1,269,439.03,439.03,285,Inactive
13359,1,64,439.56,439.56,161,Inactive
13362,4,9,3090.74,772.68,1382,New
13363,2,18,992.5,496.25,710,New
13365,2,34,2225.37,1112.68,1247,Inactive
13366,1,50,56.16,56.16,144,Inactive
13368,2,257,623.4,311.7,327,Inactive
13369,1,366,308.28,308.28,149,Inactive
13370,1,372,754.87,754.87,343,Inactive
13372,1,90,378.64,378.64,159,Inactive
13373,3,61,3312.25,1104.08,1651,Inactive
13375,1,89,778.65,778.65,442,Inactive
13376,3,99,1019.76,339.92,493,Inactive
13379,3,26,572.56,190.85,601,Inactive
13381,6,32,3639.31,606.55,2029,Risk
13382,1,281,222.99,222.99,131,Inactive
13384,7,31,4151.93,593.13,2422,Risk
13385,1,330,534.57,534.57,281,Inactive
13388,2,131,677.1,338.55,282,Inactive
13389,3,11,797.96,265.99,429,New
13390,1,75,544.08,544.08,224,Inactive
13391,1,204,59.8,59.8,4,Inactive
13394,8,2,2520.02,315.0,2392,Loyal
13395,1,185,307.72,307.72,336,Inactive
13396,2,29,1360.99,680.5,600,Inactive
13397,5,73,1544.13,308.83,430,Risk
13398,1,192,457.34,457.34,281,Inactive
13402,2,127,621.23,310.62,479,Inactive
13403,1,18,75.0,75.0,44,New
13404,2,1,252.49,126.24,111,New
13405,3,74,572.45,190.82,165,Inactive
13408,62,2,28117.04,453.5,16232,VIP
13410,5,24,1003.06,200.61,518,Risk
13411,1,107,213.55,213.55,72,Inactive
13414,3,134,1390.5,463.5,1574,Inactive
13416,2,44,712.5,356.25,142,Inactive
13417,2,5,640.83,320.41,162,New
13418,18,12,6127.43,340.41,3918,Loyal
13419,1,64,221.06,221.06,275,Inactive
13420,2,150,159.85,79.92,101,Inactive
13421,2,40,1851.08,925.54,1181,Inactive
13422,1,64,2626.3,2626.3,1326,Inactive
13425,3,108,1624.21,541.4,1123,Inactive
13426,10,1,3641.32,364.13,2245,Loyal
13427,3,19,582.6,194.2,545,Inactive
13428,1,10,218.47,218.47,156,New
13429,4,11,1006.8,251.7,1390,New
13430,2,19,679.45,339.72,751,Inactive
13431,2,67,1269.1,634.55,672,Inactive
13434,2,74,534.24,267.12,300,Inactive
13435,7,5,3809.89,544.27,2129,VIP
13436,1,2,196.89,196.89,76,New
13437,7,14,3408.06,486.87,1283,VIP
13439,1,255,283.71,283.71,242,Inactive
13441,1,92,296.64,296.64,204,Inactive
13447,3,23,1129.14,376.38,584,Inactive
13448,6,17,3539.37,589.9,1660,VIP
13449,1,24,291.88,291.88,222,Inactive
13450,6,27,2043.72,340.62,1982,Risk
13451,5,26,2976.15,595.23,2149,Risk
13452,2,259,590.0,295.0,2,Inactive
13453,2,166,356.98,178.49,134,Inactive
13455,2,25,1058.34,529.17,354,Inactive
13456,6,18,1766.72,294.45,765,Loyal
13458,14,7,9646.57,689.04,5508,VIP
13460,2,29,183.44,91.72,286,Inactive
13461,3,39,1445.0,481.67,1170,Inactive
13462,1,253,151.5,151.5,62,Inactive
13464,1,58,674.68,674.68,403,Inactive
13466,1,184,307.9,307.9,259,Inactive
13467,2,11,1083.71,541.86,584,New
13468,37,2,5704.97,154.19,2589,Loyal
13470,2,99,165.0,82.5,100,Inactive
13471,4,1,2531.58,632.9,1590,New
13473,2,61,422.64,211.32,266,Inactive
13474,1,236,229.59,229.59,132,Inactive
13475,4,191,1431.78,357.94,1012,Inactive
13476,2,179,1238.47,619.24,417,Inactive
13477,6,38,1454.58,242.43,1021,Risk
13479,2,201,300.95,150.48,134,Inactive
13481,4,46,1789.56,447.39,1130,Inactive
13482,1,232,184.64,184.64,116,Inactive
13483,1,66,140.34,140.34,160,Inactive
13484,1,241,313.8,313.8,44,Inactive
13485,1,233,454.24,454.24,277,Inactive
13486,3,78,1122.41,374.14,669,Inactive
13487,3,58,575.4,191.8,265,Inactive
13488,13,17,8968.31,689.87,4518,VIP
13489,4,105,449.52,112.38,560,Inactive
13491,10,52,1215.82,121.58,903,Risk
13492,3,136,1269.84,423.28,408,Inactive
13493,2,275,618.63,309.32,380,Inactive
13494,1,312,316.26,316.26,162,Inactive
13495,5,8,2044.87,408.97,829,Loyal
13496,2,11,653.33,326.66,341,New
13497,2,283,348.05,174.02,163,Inactive
13499,5,18,1159.11,231.82,1365,Loyal
13500,3,23,1166.77,388.92,609,Inactive
13501,1,288,1340.32,1340.32,560,Inactive
13502,3,17,292.0,97.33,264,New
13503,1,71,216.85,216.85,248,Inactive
13504,1,64,295.93,295.93,178,Inactive
13505,4,73,4393.63,1098.41,2486,Inactive
13506,2,316,458.52,229.26,324,Inactive
13507,4,3,2479.16,619.79,1597,New
13508,1,244,110.97,110.97,24,Inactive
13509,7,9,979.72,139.96,1106,Loyal
13510,4,1,1791.56,447.89,1386,New
13512,1,261,251.21,251.21,143,Inactive
13513,1,127,205.1,205.1,109,Inactive
13514,1,74,152.2,152.2,40,Inactive
13515,4,73,891.12,222.78,681,Inactive
13516,3,21,1389.41,463.14,985,Inactive
13517,3,60,2128.42,709.47,1369,Inactive
13518,1,86,659.44,659.44,392,Inactive
13519,1,78,122.75,122.75,23,Inactive
13520,6,59,3624.35,604.06,1649,Risk
13521,3,1,1093.65,364.55,736,New
13522,1,30,125.8,125.8,44,Inactive
13523,5,33,3964.88,792.98,1752,Risk
13524,5,41,680.18,136.04,324,Risk
13525,2,15,628.78,314.39,394,New
13527,7,34,2287.51,326.79,1692,Risk
13529,2,79,307.76,153.88,74,Inactive
13531,2,205,483.8,241.9,174,Inactive
13532,1,34,210.31,210.31,129,Inactive
13533,3,183,270.79,90.26,204,Inactive
13534,25,2,5870.08,234.8,2961,Loyal
13536,7,1,3448.29,492.61,2136,VIP
13538,7,43,1280.85,182.98,175,Risk
13539,3,86,631.34,210.45,320,Inactive
13544,2,40,291.41,145.7,127,Inactive
13546,3,12,626.99,209.0,359,New
13548,2,96,682.41,341.2,441,Inactive
13549,7,26,918.2,131.17,458,Risk
13551,1,319,91.8,91.8,12,Inactive
13552,12,66,3740.07,311.67,1417,Risk
13555,4,74,4149.28,1037.32,2660,Inactive
13557,2,28,584.06,292.03,546,Inactive
13558,4,6,605.06,151.26,344,New
13560,1,7,174.37,174.37,64,New
13561,1,216,141.86,141.86,83,Inactive
13562,3,82,1799.33,599.78,757,Inactive
13563,2,84,777.53,388.76,209,Inactive
13564,3,144,1749.02,583.01,661,Inactive
13565,2,19,240.22,120.11,172,Inactive
13566,2,41,874.71,437.36,575,Inactive
13568,1,173,192.85,192.85,70,Inactive
13569,2,17,373.75,186.88,164,New
13570,1,243,239.49,239.49,161,Inactive
13571,12,13,2092.32,174.36,1759,Loyal
13572,1,206,1384.25,1384.25,534,Inactive
13573,2,50,294.4,147.2,303,Inactive
13575,5,23,732.07,146.41,449,Risk
13576,18,10,6717.34,373.19,2646,Loyal
13577,4,25,1687.6,421.9,791,Inactive
13579,2,15,467.04,233.52,176,New
13581,1,309,118.0,118.0,30,Inactive
13583,1,156,781.03,781.03,725,Inactive
13584,1,307,142.4,142.4,37,Inactive
13587,1,64,712.4,712.4,180,Inactive
13588,9,16,2478.95,275.44,2606,Loyal
13589,2,15,379.65,189.82,114,New
13590,6,11,1981.92,330.32,1848,Loyal
13591,3,65,1117.13,372.38,485,Inactive
13592,4,36,247.96,61.99,84,Inactive
13593,5,108,2037.08,407.42,731,Risk
13594,1,53,396.97,396.97,359,Inactive
13596,2,6,697.04,348.52,406,New
13598,1,47,180.17,180.17,58,Inactive
13599,21,1,5153.67,245.41,3294,Loyal
13600,1,312,219.52,219.52,324,Inactive
13601,2,45,693.32,346.66,548,Inactive
13602,1,65,428.89,428.89,267,Inactive
13603,1,26,164.34,164.34,164,Inactive
13606,3,29,280.54,93.51,279,Inactive
13607,1,40,678.01,678.01,290,Inactive
13610,7,12,1131.88,161.7,516,Loyal
13611,3,89,1171.8,390.6,766,Inactive
13614,4,24,1610.46,402.62,570,Inactive
13615,1,319,417.69,417.69,189,Inactive
13617,3,40,544.18,181.39,300,Inactive
13618,1,174,177.34,177.34,246,Inactive
13621,1,117,213.85,213.85,343,Inactive
13623,5,31,747.78,149.56,294,Risk
13626,1,253,257.23,257.23,209,Inactive
13627,5,59,1638.47,327.69,1269,Risk
13629,11,23,7792.36,708.4,4372,Risk
13630,7,5,2031.78,290.25,1391,Loyal
13631,11,100,3070.42,279.13,467,Risk
13632,5,25,2121.27,424.25,1037,Risk
13634,5,33,1575.16,315.03,704,Risk
13635,1,68,1071.03,1071.03,677,Inactive
13636,5,37,949.12,189.82,592,Risk
13637,3,52,810.5,270.17,409,Inactive
13638,1,16,122.64,122.64,93,New
13639,1,74,1033.34,1033.34,800,Inactive
13642,1,216,354.8,354.8,173,Inactive
13643,3,31,519.44,173.15,273,Inactive
13644,4,16,2624.26,656.06,2067,New
13645,1,120,252.1,252.1,158,Inactive
13647,4,10,1678.12,419.53,895,New
13649,2,257,346.6,173.3,139,Inactive
13650,6,17,1836.34,306.06,922,Loyal
13651,2,35,94.2,47.1,33,Inactive
13652,3,46,1095.08,365.03,578,Inactive
13654,6,43,2707.33,451.22,2182,Risk
13655,2,114,932.97,466.48,605,Inactive
13656,2,165,379.65,189.82,490,Inactive
13657,2,11,382.14,191.07,209,New
13658,5,10,2639.17,527.83,1019,VIP
13659,2,206,1573.2,786.6,894,Inactive
13662,3,86,897.76,299.25,543,Inactive
13663,1,179,189.47,189.47,91,Inactive
13666,3,60,84.65,28.22,41,Inactive
13667,1,149,305.02,305.02,154,Inactive
13668,21,3,6363.59,303.03,3742,Loyal
13669,2,51,218.55,109.28,237,Inactive
13670,1,75,349.7,349.7,282,Inactive
13672,2,301,186.39,93.2,57,Inactive
13673,2,19,396.92,198.46,119,Inactive
13675,2,151,486.82,243.41,330,Inactive
13678,1,152,232.6,232.6,924,Inactive
13680,3,1,2202.31,734.1,1267,New
13681,4,18,827.83,206.96,360,New
13682,1,187,59.5,59.5,10,Inactive
13684,1,286,67.23,67.23,39,Inactive
13685,7,3,3119.44,445.63,5056,VIP
13686,1,183,72.0,72.0,70,Inactive
13689,1,63,910.0,910.0,512,Inactive
13690,1,59,172.25,172.25,67,Inactive
13692,3,25,1488.32,496.11,1226,Inactive
13694,50,4,65039.62,1300.79,63312,VIP
13695,15,31,2504.13,166.94,1603,Risk
13697,1,39,151.3,151.3,177,Inactive
13699,1,155,308.58,308.58,66,Inactive
13700,10,26,2265.12,226.51,2304,Risk
13703,1,318,99.5,99.5,10,Inactive
13704,9,5,2308.06,256.45,1531,Loyal
13705,3,8,711.86,237.29,363,New
13706,1,303,330.79,330.79,189,Inactive
13707,2,267,806.41,403.2,351,Inactive
13708,1,271,296.88,296.88,306,Inactive
13709,13,4,6328.05,486.77,3516,VIP
13710,1,32,180.48,180.48,176,Inactive
13711,2,219,252.06,126.03,140,Inactive
13712,1,247,228.84,228.84,352,Inactive
13715,5,281,1079.34,215.87,563,Risk
13716,1,269,138.28,138.28,138,Inactive
13717,6,32,1445.01,240.84,1959,Risk
13718,2,246,306.55,153.28,173,Inactive
13719,5,15,1041.68,208.34,609,Loyal
13720,4,117,799.9,199.98,501,Inactive
13721,1,36,524.14,524.14,316,Inactive
13722,3,132,2375.41,791.8,1401,Inactive
13723,1,217,199.85,199.85,43,Inactive
13725,8,50,1980.56,247.57,806,Risk
13726,2,39,1079.66,539.83,1054,Inactive
13727,2,29,333.48,166.74,162,Inactive
13728,6,37,1016.14,169.36,458,Risk
13730,2,136,752.6,376.3,488,Inactive
13731,2,219,610.59,305.3,278,Inactive
13732,1,28,491.86,491.86,498,Inactive
13735,4,25,2885.24,721.31,1130,Inactive
13736,2,5,731.9,365.95,497,New
13737,1,200,339.6,339.6,125,Inactive
13739,1,18,216.9,216.9,54,New
13740,1,241,350.75,350.75,425,Inactive
13741,3,72,668.43,222.81,218,Inactive
13742,12,17,3131.02,260.92,1124,Loyal
13743,7,3,1341.6,191.66,1776,Loyal
13744,2,95,1156.36,578.18,1249,Inactive
13745,1,162,300.04,300.04,496,Inactive
13747,1,374,79.6,79.6,8,Inactive
13748,5,96,948.25,189.65,439,Risk
13750,5,54,1647.26,329.45,516,Risk
13751,1,288,296.25,296.25,152,Inactive
13752,6,124,1186.28,197.71,876,Risk
13753,1,288,741.26,741.26,512,Inactive
13754,2,152,282.6,141.3,214,Inactive
13755,9,4,2161.35,240.15,1264,Loyal
13756,14,2,5189.52,370.68,3188,Loyal
13758,7,12,3190.55,455.79,1844,VIP
13759,2,33,659.41,329.71,287,Inactive
13760,2,54,286.79,143.4,197,Inactive
13761,2,50,1070.65,535.33,642,Inactive
13763,1,63,1714.96,1714.96,728,Inactive
13764,3,71,1521.76,507.25,932,Inactive
13767,37,2,17220.36,465.42,7322,VIP
13769,10,2,2796.51,279.65,1163,Loyal
13771,4,64,2634.45,658.61,1477,Inactive
13772,3,34,1132.13,377.38,546,Inactive
13774,1,82,345.0,345.0,192,Inactive
13777,33,1,25977.16,787.19,12897,VIP
13778,1,103,178.7,178.7,70,Inactive
13780,2,7,360.01,180.01,318,New
13781,1,251,127.84,127.84,30,Inactive
13782,6,13,912.0,152.0,371,Loyal
13784,11,10,2462.79,223.89,2493,Loyal
13786,1,367,230.4,230.4,136,Inactive
13787,2,76,309.04,154.52,337,Inactive
13790,1,4,348.8,348.8,748,New
13791,2,128,1516.0,758.0,1200,Inactive
13792,2,66,195.55,97.78,92,Inactive
13798,57,1,37153.85,651.82,23948,VIP
13799,2,117,688.86,344.43,402,Inactive
13800,1,310,558.32,558.32,331,Inactive
13801,1,67,324.8,324.8,168,Inactive
13802,3,139,4599.42,1533.14,2572,Inactive
13803,1,255,277.07,277.07,121,Inactive
13804,7,31,2635.79,376.54,1498,Risk
13805,2,52,924.6,462.3,1900,Inactive
13806,1,64,256.38,256.38,56,Inactive
13807,1,367,112.6,112.6,36,Inactive
13808,5,6,1747.66,349.53,782,Loyal
13809,1,305,155.05,155.05,29,Inactive
13810,3,29,1499.01,499.67,312,Inactive
13811,2,184,591.75,295.88,67,Inactive
13812,3,42,539.0,179.67,333,Inactive
13813,4,40,1366.86,341.72,552,Inactive
13814,2,92,1579.12,789.56,864,Inactive
13815,4,22,4027.36,1006.84,2560,Inactive
13816,2,24,571.67,285.84,269,Inactive
13817,2,29,382.98,191.49,211,Inactive
13819,3,302,1140.35,380.12,1109,Inactive
13821,2,145,385.64,192.82,153,Inactive
13822,2,6,632.0,316.0,611,New
13823,2,19,957.66,478.83,439,Inactive
13824,5,33,1698.94,339.79,768,Risk
13826,1,176,189.5,189.5,82,Inactive
13827,3,58,412.05,137.35,141,Inactive
13828,1,22,209.49,209.49,311,Inactive
13831,6,16,2202.99,367.16,745,Loyal
13832,1,19,52.2,52.2,28,Inactive
13833,1,159,384.8,384.8,118,Inactive
13835,4,25,834.57,208.64,442,Inactive
13837,2,212,271.24,135.62,183,Inactive
13838,4,6,691.73,172.93,263,New
13841,1,253,85.0,85.0,100,Inactive
13842,9,59,3385.62,376.18,1768,Risk
13844,1,11,361.62,361.62,196,New
13845,1,65,312.98,312.98,182,Inactive
13846,3,25,865.06,288.35,388,Inactive
13848,3,92,1255.0,418.33,3700,Inactive
13849,2,52,1537.95,768.97,1016,Inactive
13850,1,129,1595.48,1595.48,944,Inactive
13851,3,96,2651.46,883.82,1705,Inactive
13853,1,57,1090.14,1090.14,312,Inactive
13854,25,9,8109.52,324.38,2296,Loyal
13856,3,169,388.5,129.5,494,Inactive
13858,1,57,216.17,216.17,75,Inactive
13859,1,326,201.16,201.16,129,Inactive
13860,5,1,1245.9,249.18,591,Loyal
13862,8,18,2209.36,276.17,1688,Loyal
13863,1,248,305.78,305.78,224,Inactive
13865,4,58,501.56,125.39,204,Inactive
13866,1,74,145.67,145.67,57,Inactive
13867,3,31,1015.29,338.43,513,Inactive
13868,2,7,3192.54,1596.27,1964,New
13869,4,123,3104.95,776.24,1721,Inactive
13870,8,2,2770.94,346.37,1325,Loyal
13871,13,23,6403.25,492.56,2806,Risk
13873,3,120,389.6,129.87,140,Inactive
13874,1,358,540.45,540.45,180,Inactive
13875,5,54,1786.79,357.36,1316,Risk
13876,1,64,122.7,122.7,36,Inactive
13877,1,86,117.24,117.24,108,Inactive
13878,1,55,1281.53,1281.53,475,Inactive
13880,13,21,3219.77,247.67,1842,Risk
13881,20,4,17159.52,857.98,10118,VIP
13882,5,3,1191.13,238.23,953,Loyal
13883,5,11,2674.48,534.9,1436,VIP
13884,5,7,787.6,157.52,300,Loyal
13885,2,189,506.8,253.4,182,Inactive
13886,1,71,243.56,243.56,126,Inactive
13887,1,204,349.55,349.55,147,Inactive
13888,2,120,605.63,302.82,258,Inactive
13889,1,93,416.9,416.9,146,Inactive
13890,10,1,1883.81,188.38,831,Loyal
13892,4,27,632.97,158.24,983,Inactive
13893,1,298,821.1,821.1,190,Inactive
13894,3,24,564.62,188.21,354,Inactive
13895,4,28,2593.07,648.27,1365,Inactive
13897,1,50,311.16,311.16,200,Inactive
13898,1,326,155.93,155.93,133,Inactive
13899,2,16,388.52,194.26,156,New
13900,3,183,740.95,246.98,430,Inactive
13901,5,72,2867.2,573.44,1739,Risk
13904,2,37,332.64,166.32,332,Inactive
13908,4,80,2369.55,592.39,1478,Inactive
13911,9,57,2580.91,286.77,2731,Risk
13914,2,12,626.45,313.23,380,New
13917,2,50,272.04,136.02,228,Inactive
13918,2,50,1212.84,606.42,1140,Inactive
13919,2,59,384.81,192.4,474,Inactive
13922,1,352,172.25,172.25,93,Inactive
13923,1,54,351.13,351.13,185,Inactive
13924,6,2,1838.85,306.47,1575,Loyal
13925,4,93,678.25,169.56,331,Inactive
13926,1,23,223.85,223.85,104,Inactive
13927,1,75,348.99,348.99,214,Inactive
13928,4,11,464.57,116.14,129,New
13929,2,169,842.65,421.32,143,Inactive
13930,2,58,337.34,168.67,274,Inactive
13931,2,96,1237.53,618.77,725,Inactive
13932,1,295,307.4,307.4,72,Inactive
13933,2,109,608.79,304.4,205,Inactive
13934,1,264,922.1,922.1,390,Inactive
13936,1,180,376.58,376.58,330,Inactive
13937,1,169,158.85,158.85,123,Inactive
13938,1,35,71.66,71.66,70,Inactive
13939,3,23,568.55,189.52,847,Inactive
13940,4,17,839.14,209.78,516,New
13941,5,22,5112.96,1022.59,2364,Risk
13946,3,79,561.57,187.19,443,Inactive
13947,1,65,90.6,90.6,44,Inactive
13948,1,361,102.0,102.0,40,Inactive
13949,6,3,2427.32,404.55,2474,Loyal
13950,4,11,745.06,186.26,323,New
13951,3,176,674.45,224.82,459,Inactive
13952,2,218,3251.07,1625.54,1431,Inactive
13953,7,7,3515.68,502.24,2724,VIP
13954,2,2,439.92,219.96,150,New
13955,2,154,322.96,161.48,154,Inactive
13956,5,5,1026.42,205.28,491,Loyal
13959,3,79,598.2,199.4,357,Inactive
13960,2,21,230.22,115.11,142,Inactive
13962,2,22,169.55,84.78,87,Inactive
13963,4,308,664.54,166.14,460,Inactive
13967,1,146,80.7,80.7,42,Inactive
13969,18,7,9053.94,503.0,4542,VIP
13971,8,19,2758.26,344.78,1844,Risk
13972,2,71,190.25,95.12,187,Inactive
13973,1,287,264.7,264.7,109,Inactive
13974,1,49,413.59,413.59,249,Inactive
13975,6,31,2526.28,421.05,1732,Risk
13976,1,207,357.98,357.98,154,Inactive
13978,2,15,196.79,98.4,315,New
13979,1,73,869.87,869.87,639,Inactive
13980,1,60,200.14,200.14,172,Inactive
13982,4,39,1871.81,467.95,1136,Inactive
13983,12,30,2603.43,216.95,1183,Risk
13984,4,27,488.03,122.01,271,Inactive
13985,15,4,7060.13,470.68,3445,VIP
13986,1,17,320.46,320.46,430,New
13988,6,20,4147.96,691.33,3044,Risk
13989,2,66,1266.08,633.04,1313,Inactive
13990,1,213,311.3,311.3,190,Inactive
13991,6,12,855.97,142.66,998,Loyal
13992,1,30,76.8,76.8,64,Inactive
13993,9,43,3466.36,385.15,900,Risk
13994,6,4,2313.14,385.52,940,Loyal
13995,5,15,1393.69,278.74,879,Loyal
13999,12,10,3901.81,325.15,2243,Loyal
14000,1,211,635.66,635.66,710,Inactive
14001,3,46,2043.08,681.03,962,Inactive
14002,2,134,529.73,264.86,877,Inactive
14004,7,43,4582.64,654.66,2668,Risk
14005,5,10,2874.72,574.94,2478,VIP
14006,3,116,962.19,320.73,641,Inactive
14009,2,198,695.61,347.8,365,Inactive
14012,1,278,328.8,328.8,160,Inactive
14013,3,110,473.02,157.67,462,Inactive
14014,1,77,505.18,505.18,1076,Inactive
14015,1,53,917.34,917.34,378,Inactive
14016,4,162,4341.21,1085.3,2125,Inactive
14019,3,47,1421.61,473.87,1037,Inactive
14020,2,17,642.8,321.4,441,New
14021,3,155,631.9,210.63,192,Inactive
14022,1,225,440.0,440.0,487,Inactive
14023,2,7,584.07,292.03,345,New
14024,2,122,327.7,163.85,150,Inactive
14027,1,61,104.82,104.82,62,Inactive
14029,2,63,467.66,233.83,198,Inactive
14030,8,18,2360.09,295.01,1479,Loyal
14031,17,7,14700.86,864.76,5372,VIP
14032,11,2,2975.59,270.51,2032,Loyal
14034,3,22,651.82,217.27,423,Inactive
14035,5,29,1428.02,285.6,739,Risk
14036,1,285,626.65,626.65,268,Inactive
14037,2,176,147.2,73.6,46,Inactive
14038,3,78,1560.38,520.13,965,Inactive
14039,1,33,152.2,152.2,92,Inactive
14040,12,41,3614.92,301.24,1554,Risk
14041,1,266,141.41,141.41,94,Inactive
14044,4,27,652.82,163.21,308,Inactive
14045,4,109,1659.75,414.94,535,Inactive
14046,1,284,154.99,154.99,460,Inactive
14047,5,9,1308.61,261.72,381,Loyal
14048,1,305,409.93,409.93,288,Inactive
14049,4,17,5681.72,1420.43,3870,New
14050,2,32,746.36,373.18,689,Inactive
14051,23,1,15610.39,678.71,3756,VIP
14052,1,20,225.36,225.36,89,Inactive
14053,2,124,260.25,130.12,215,Inactive
14054,1,65,92.46,92.46,62,Inactive
14055,1,106,725.64,725.64,216,Inactive
14056,23,1,8214.65,357.16,4273,Loyal
14057,17,24,6217.96,365.76,4876,Risk
14059,1,267,183.6,183.6,128,Inactive
14060,19,5,6140.42,323.18,5386,Loyal
14062,12,10,10464.85,872.07,5593,VIP
14064,5,29,1353.74,270.75,1788,Risk
14066,1,267,152.55,152.55,45,Inactive
14067,2,64,374.7,187.35,361,Inactive
14068,1,320,265.85,265.85,73,Inactive
14071,7,4,1307.41,186.77,900,Loyal
14073,1,32,151.04,151.04,130,Inactive
14075,3,5,942.26,314.09,754,New
14076,1,129,122.47,122.47,81,Inactive
14077,5,41,499.42,99.88,268,Risk
14078,6,102,1049.37,174.9,310,Risk
14079,1,125,375.1,375.1,301,Inactive
14080,1,33,45.6,45.6,48,Inactive
14081,2,302,934.52,467.26,596,Inactive
14082,1,365,182.25,182.25,110,Inactive
14083,9,4,1018.43,113.16,732,Loyal
14085,18,2,4448.54,247.14,3184,Loyal
14087,1,3,194.42,194.42,251,New
14088,13,10,50491.81,3883.99,12665,VIP
14089,1,57,161.0,161.0,134,Inactive
14090,1,325,76.32,76.32,72,Inactive
14092,14,8,4076.91,291.21,2066,Loyal
14093,1,12,442.85,442.85,406,New
14096,17,4,65164.79,3833.22,16352,VIP
14098,1,37,147.35,147.35,104,Inactive
14099,11,16,3104.17,282.2,2179,Loyal
14100,1,138,194.9,194.9,64,Inactive
14101,6,74,5976.79,996.13,6942,Risk
14102,5,5,1360.28,272.06,961,Loyal
14104,2,155,216.21,108.1,72,Inactive
14105,1,239,1266.23,1266.23,800,Inactive
14107,7,52,2703.23,386.18,1793,Risk
14108,2,31,597.91,298.96,381,Inactive
14109,1,73,144.2,144.2,88,Inactive
14110,12,4,5683.15,473.6,2445,VIP
14111,4,14,692.85,173.21,458,New
14112,7,23,2915.15,416.45,1651,Risk
14113,4,4,1840.42,460.1,745,New
14114,2,274,386.53,193.26,101,Inactive
14116,5,20,1382.74,276.55,707,Risk
14117,1,144,90.0,90.0,72,Inactive
14121,4,4,2780.15,695.04,2082,New
14124,1,84,419.58,419.58,1618,Inactive
14125,3,11,2740.43,913.48,1640,New
14126,2,11,643.63,321.82,458,New
14127,3,123,709.71,236.57,321,Inactive
14128,2,61,637.5,318.75,564,Inactive
14129,5,2,1123.86,224.77,592,Loyal
14130,1,319,483.86,483.86,258,Inactive
14132,11,2,3586.03,326.0,3368,Loyal
14133,3,130,605.64,201.88,348,Inactive
14135,15,2,4690.31,312.69,3850,Loyal
14138,2,2,982.38,491.19,610,New
14139,1,46,415.82,415.82,510,Inactive
14140,2,4,935.05,467.52,811,New
14141,4,3,915.13,228.78,355,New
14142,1,373,311.81,311.81,313,Inactive
14143,1,134,115.8,115.8,30,Inactive
14145,3,47,3148.2,1049.4,636,Inactive
14146,4,9,2949.57,737.39,1886,New
14147,2,78,483.4,241.7,108,Inactive
14148,1,234,157.2,157.2,16,Inactive
14149,1,221,446.62,446.62,218,Inactive
14150,2,36,658.64,329.32,496,Inactive
14152,2,75,621.29,310.64,711,Inactive
14154,2,239,1345.62,672.81,465,Inactive
14155,1,266,118.75,118.75,25,Inactive
14156,55,10,117379.63,2134.18,57885,VIP
14157,2,20,432.88,216.44,284,Inactive
14158,1,40,507.66,507.66,781,Inactive
14159,11,20,4693.01,426.64,4408,Risk
14161,3,216,1110.52,370.17,455,Inactive
14162,2,174,289.36,144.68,142,Inactive
14163,4,87,2445.91,611.48,893,Inactive
14164,2,71,1631.77,815.88,1033,Inactive
14165,1,276,122.54,122.54,54,Inactive
14167,4,39,574.84,143.71,150,Inactive
14171,1,98,363.79,363.79,167,Inactive
14173,4,11,450.84,112.71,150,New
14174,1,33,134.46,134.46,94,Inactive
14175,3,60,3222.3,1074.1,1515,Inactive
14176,4,297,576.9,144.23,209,Inactive
14177,4,86,559.41,139.85,205,Inactive
14178,7,9,1620.93,231.56,1505,Loyal
14179,2,41,719.78,359.89,330,Inactive
14180,25,11,4748.52,189.94,719,Loyal
14184,1,67,452.89,452.89,127,Inactive
14185,1,331,197.65,197.65,6,Inactive
14188,6,31,2054.36,342.39,1162,Risk
14189,15,2,4654.08,310.27,3937,Loyal
14191,13,2,4684.76,360.37,3662,Loyal
14193,2,68,853.39,426.7,445,Inactive
14194,21,5,11349.52,540.45,5840,VIP
14195,2,202,1012.0,506.0,760,Inactive
14196,1,107,335.52,335.52,142,Inactive
14198,4,18,701.4,175.35,290,New
14199,1,218,185.4,185.4,28,Inactive
14201,7,60,747.44,106.78,590,Risk
14204,1,2,161.03,161.03,82,New
14205,2,17,466.7,233.35,204,New
14206,1,239,328.16,328.16,276,Inactive
14208,1,95,151.74,151.74,114,Inactive
14209,6,11,2073.43,345.57,691,Loyal
14210,6,106,1905.84,317.64,760,Risk
14211,9,53,2241.1,249.01,1242,Risk
14212,1,90,1070.48,1070.48,1152,Inactive
14214,5,31,1004.38,200.88,751,Risk
14215,6,12,1789.72,298.29,1358,Loyal
14216,4,3,1839.3,459.82,594,New
14217,17,2,2004.98,117.94,689,Loyal
14218,1,43,169.48,169.48,160,Inactive
14219,1,4,89.94,89.94,78,New
14220,2,247,632.4,316.2,272,Inactive
14221,9,42,3432.8,381.42,2191,Risk
14222,1,177,683.17,683.17,607,Inactive
14223,3,92,991.13,330.38,585,Inactive
14224,4,110,1050.12,262.53,514,Inactive
14226,5,29,2232.19,446.44,1308,Risk
14227,10,26,3350.96,335.1,1820,Risk
14229,3,52,1547.2,515.73,610,Inactive
14231,3,184,925.71,308.57,409,Inactive
14232,5,43,2048.07,409.61,1941,Risk
14233,4,49,1462.72,365.68,680,Inactive
14234,4,22,775.46,193.86,963,Inactive
14235,5,75,3144.86,628.97,1959,Risk
14236,2,81,490.86,245.43,310,Inactive
14237,1,373,161.0,161.0,38,Inactive
14238,1,326,146.85,146.85,111,Inactive
14239,11,43,2380.85,216.44,993,Risk
14240,2,30,890.34,445.17,418,Inactive
14241,1,184,213.7,213.7,146,Inactive
14242,2,235,280.55,140.27,123,Inactive
14243,10,9,2588.77,258.88,1221,Loyal
14245,2,220,1693.45,846.72,976,Inactive
14246,3,111,1474.06,491.35,804,Inactive
14247,1,278,136.77,136.77,47,Inactive
14248,1,318,302.58,302.58,102,Inactive
14250,3,7,1904.05,634.68,1200,New
14251,5,2,2879.7,575.94,1674,VIP
14256,2,260,969.06,484.53,414,Inactive
14257,5,64,3099.72,619.94,1682,Risk
14258,9,9,12669.98,1407.78,7100,VIP
14259,1,142,120.0,120.0,68,Inactive
14261,2,51,1163.45,581.72,406,Inactive
14262,8,8,2618.23,327.28,1645,Loyal
14264,2,155,333.97,166.98,70,Inactive
14265,2,109,530.18,265.09,330,Inactive
14267,3,163,1516.24,505.41,530,Inactive
14270,1,332,492.65,492.65,197,Inactive
14271,1,226,112.32,112.32,88,Inactive
14272,2,74,437.96,218.98,599,Inactive
14273,4,51,559.97,139.99,264,Inactive
14276,3,99,1119.74,373.25,744,Inactive
14277,3,15,4216.2,1405.4,1984,New
14280,1,197,134.04,134.04,52,Inactive
14282,15,3,3729.34,248.62,2668,Loyal
14284,2,31,595.25,297.62,161,Inactive
14285,4,21,1910.01,477.5,541,Inactive
14286,3,24,4628.75,1542.92,4338,Inactive
14287,3,8,176.63,58.88,261,New
14288,1,213,426.6,426.6,188,Inactive
14289,6,9,911.26,151.88,292,Loyal
14290,5,11,2314.65,462.93,915,VIP
14291,11,2,3883.25,353.02,2749,Loyal
14292,9,8,4871.93,541.33,1663,VIP
14293,4,3,1046.56,261.64,709,New
14295,1,40,166.2,166.2,84,Inactive
14297,3,18,1290.48,430.16,862,New
14298,44,8,51527.3,1171.08,58343,VIP
14299,9,8,3965.62,440.62,2149,VIP
14300,1,19,43.2,43.2,32,Inactive
14301,1,117,640.14,640.14,606,Inactive
14304,1,223,383.45,383.45,139,Inactive
14305,3,71,1858.96,619.65,1089,Inactive
14306,2,51,2093.32,1046.66,1075,Inactive
14307,6,89,2995.72,499.29,2058,Risk
14309,9,8,2352.53,261.39,1633,Loyal
14311,1,243,310.26,310.26,146,Inactive
14312,6,47,1611.59,268.6,1012,Risk
14314,1,107,120.0,120.0,296,Inactive
14315,6,45,2481.13,413.52,1021,Risk
14317,1,65,508.58,508.58,255,Inactive
14320,2,207,477.79,238.9,325,Inactive
14321,5,11,1530.75,306.15,2406,Loyal
14323,2,115,605.06,302.53,350,Inactive
14326,1,242,183.85,183.85,103,Inactive
14327,1,163,311.65,311.65,139,Inactive
14329,7,17,5014.84,716.41,3095,VIP
14331,2,124,462.66,231.33,252,Inactive
14332,3,23,866.31,288.77,481,Inactive
14333,1,68,415.2,415.2,58,Inactive
14334,8,17,2552.21,319.03,1731,Loyal
14335,2,16,468.26,234.13,379,New
14336,4,17,1614.91,403.73,1759,New
14338,2,161,588.22,294.11,335,Inactive
14339,1,243,309.52,309.52,168,Inactive
14340,1,219,134.7,134.7,58,Inactive
14341,8,45,2182.28,272.79,1403,Risk
14342,4,21,668.56,167.14,347,Inactive
14344,8,127,889.93,111.24,477,Risk
14345,1,39,108.98,108.98,50,Inactive
14346,2,121,1021.58,510.79,605,Inactive
14348,1,260,409.57,409.57,183,Inactive
14349,1,10,133.5,133.5,86,New
14350,1,274,282.93,282.93,183,Inactive
14351,1,165,51.0,51.0,12,Inactive
14352,4,157,1078.96,269.74,538,Inactive
14353,1,215,90.6,90.6,64,Inactive
14354,2,6,163.62,81.81,210,New
14355,1,366,174.4,174.4,92,Inactive
14356,2,80,701.23,350.62,277,Inactive
14357,1,43,225.77,225.77,148,Inactive
14359,3,19,912.18,304.06,371,Inactive
14360,4,32,2128.23,532.06,1151,Inactive
14362,1,22,161.2,161.2,100,Inactive
14364,8,109,3717.35,464.67,1967,Risk
14367,15,8,9199.57,613.3,4417,VIP
14368,1,320,155.0,155.0,36,Inactive
14371,1,295,100.5,100.5,34,Inactive
14373,1,358,76.55,76.55,17,Inactive
14375,1,185,257.68,257.68,194,Inactive
14377,2,191,617.05,308.52,219,Inactive
14379,2,44,348.1,174.05,292,Inactive
14381,1,52,202.68,202.68,146,Inactive
14382,1,26,626.07,626.07,1237,Inactive
14383,3,38,1247.69,415.9,817,Inactive
14385,3,9,202.11,67.37,159,New
14386,1,297,142.4,142.4,54,Inactive
14387,3,33,1770.56,590.19,819,Inactive
14388,8,10,3212.84,401.6,1941,Loyal
14389,2,65,1043.46,521.73,729,Inactive
14390,9,10,4652.82,516.98,2136,VIP
14393,1,218,67.95,67.95,13,Inactive
14395,9,2,3507.71,389.75,1693,Loyal
14396,2,65,487.99,244.0,225,Inactive
14397,19,3,2612.96,137.52,1890,Loyal
14400,1,149,574.7,574.7,454,Inactive
14401,13,4,4051.48,311.65,4507,Loyal
14403,4,130,1475.81,368.95,519,Inactive
14404,6,34,1474.32,245.72,839,Risk
14406,1,119,156.75,156.75,77,Inactive
14407,6,107,2157.73,359.62,1415,Risk
14408,7,11,2606.53,372.36,1616,Loyal
14409,5,71,1908.25,381.65,1158,Risk
14410,9,92,1105.07,122.79,571,Risk
14411,1,311,1063.0,1063.0,196,Inactive
14412,2,43,770.03,385.02,786,Inactive
14413,1,362,122.7,122.7,68,Inactive
14414,7,92,1496.98,213.85,2512,Risk
14415,13,1,5900.28,453.87,3011,VIP
14416,2,22,490.22,245.11,326,Inactive
14418,3,4,1937.25,645.75,1711,New
14419,6,11,1058.06,176.34,487,Loyal
14420,1,99,387.52,387.52,334,Inactive
14421,2,57,813.11,406.56,365,Inactive
14422,6,1,4263.64,710.61,2906,VIP
14423,1,218,265.2,265.2,120,Inactive
14424,1,18,322.08,322.08,48,New
14426,10,24,4481.67,448.17,2699,Risk
14427,2,50,363.34,181.67,228,Inactive
14428,5,7,1244.83,248.97,436,Loyal
14431,1,303,470.36,470.36,130,Inactive
14432,6,10,2255.51,375.92,2070,Loyal
14434,6,22,1372.8,228.8,368,Risk
14436,1,99,89.06,89.06,129,Inactive
14437,1,366,63.0,63.0,60,Inactive
14438,1,306,131.9,131.9,82,Inactive
14439,1,320,2661.24,2661.24,526,Inactive
14440,5,8,2357.68,471.54,588,VIP
14441,4,1,1712.89,428.22,446,New
14442,2,205,1589.82,794.91,482,Inactive
14443,4,54,1420.2,355.05,938,Inactive
14446,4,1,1039.58,259.9,933,New
14447,5,19,1163.23,232.65,571,Risk
14448,2,9,375.35,187.68,104,New
14449,4,19,907.1,226.78,757,Inactive
14450,3,181,483.25,161.08,241,Inactive
14451,2,60,662.59,331.29,389,Inactive
14452,2,11,264.44,132.22,119,New
14453,1,190,119.93,119.93,49,Inactive
14456,9,5,3062.4,340.27,2908,Loyal
14457,1,311,113.64,113.64,88,Inactive
14459,1,155,1837.92,1837.92,760,Inactive
14460,3,110,434.34,144.78,881,Inactive
14461,3,148,2103.06,701.02,766,Inactive
14462,11,66,2004.02,182.18,964,Risk
14463,3,98,529.62,176.54,179,Inactive
14465,3,247,1058.62,352.87,405,Inactive
14466,7,29,2272.4,324.63,1006,Risk
14467,4,18,598.76,149.69,278,New
14470,2,12,461.19,230.6,193,New
14472,8,104,1936.84,242.1,1160,Risk
14473,2,74,234.34,117.17,88,Inactive
14474,1,46,547.66,547.66,140,Inactive
14475,3,72,925.85,308.62,447,Inactive
14476,1,257,215.7,215.7,132,Inactive
14477,4,20,1309.6,327.4,720,Inactive
14479,2,254,316.25,158.12,117,Inactive
14480,1,11,279.05,279.05,143,New
14481,2,165,636.51,318.26,489,Inactive
14482,6,18,2068.15,344.69,1646,Loyal
14483,1,282,137.1,137.1,97,Inactive
14484,1,50,321.92,321.92,210,Inactive
14485,1,39,165.75,165.75,71,Inactive
14487,6,27,1196.33,199.39,735,Risk
14488,1,68,1064.28,1064.28,799,Inactive
14489,1,207,463.38,463.38,299,Inactive
14491,2,175,340.93,170.46,139,Inactive
14493,5,7,2383.24,476.65,1285,VIP
14494,1,26,139.56,139.56,92,Inactive
14495,2,51,123.8,61.9,62,Inactive
14496,2,312,538.81,269.41,159,Inactive
14497,1,309,475.37,475.37,235,Inactive
14498,5,43,1957.32,391.46,1098,Risk
14499,3,26,815.32,271.77,501,Inactive
14500,3,88,356.85,118.95,117,Inactive
14501,2,184,251.21,125.6,161,Inactive
14502,10,20,2381.12,238.11,1489,Risk
14503,6,3,3543.26,590.54,2004,VIP
14504,4,47,673.26,168.32,308,Inactive
14505,8,17,5905.64,738.2,2759,VIP
14506,5,17,2012.17,402.43,730,Loyal
14507,6,24,1383.18,230.53,600,Risk
14508,2,22,276.42,138.21,131,Inactive
14511,5,11,1314.81,262.96,784,Loyal
14512,2,188,275.28,137.64,122,Inactive
14513,3,101,455.59,151.86,361,Inactive
14514,3,61,1055.35,351.78,589,Inactive
14515,6,18,2102.09,350.35,1134,Loyal
14517,2,33,330.45,165.22,91,Inactive
14518,1,64,174.37,174.37,278,Inactive
14520,2,2,270.6,135.3,146,New
14522,4,24,974.54,243.64,525,Inactive
14523,1,108,241.09,241.09,251,Inactive
14524,9,32,1867.68,207.52,676,Risk
14525,9,20,4332.2,481.36,2696,Risk
14527,55,3,8508.82,154.71,2089,Loyal
14528,1,37,364.22,364.22,278,Inactive
14529,3,60,620.04,206.68,348,Inactive
14530,6,26,2925.91,487.65,1410,Risk
14532,4,236,932.85,233.21,284,Inactive
14533,7,25,1949.72,278.53,4019,Risk
14534,18,3,4447.05,247.06,2047,Loyal
14535,3,60,2864.19,954.73,1831,Inactive
14536,1,260,171.8,171.8,40,Inactive
14537,1,58,355.56,355.56,120,Inactive
14538,2,65,388.25,194.12,155,Inactive
14539,2,16,537.48,268.74,428,New
14540,3,10,996.26,332.09,421,New
14541,8,59,1461.65,182.71,647,Risk
14542,1,186,103.25,103.25,19,Inactive
14543,15,29,3615.33,241.02,667,Risk
14544,2,24,2024.45,1012.22,1543,Inactive
14546,5,5,2578.09,515.62,1317,VIP
14547,8,4,4007.54,500.94,2668,VIP
14548,2,151,652.8,326.4,256,Inactive
14549,1,311,289.24,289.24,136,Inactive
14550,2,11,765.62,382.81,394,New
14551,2,18,186.23,93.12,106,New
14552,1,152,165.07,165.07,91,Inactive
14553,5,19,859.27,171.85,493,Risk
14554,4,10,2381.04,595.26,1478,New
14555,2,57,324.14,162.07,130,Inactive
14560,21,7,2184.13,104.01,1224,Loyal
14561,3,76,1080.76,360.25,1014,Inactive
14562,18,4,5074.77,281.93,1834,Loyal
14565,4,96,3099.12,774.78,1540,Inactive
14566,1,111,1432.0,1432.0,800,Inactive
14567,2,57,1530.36,765.18,412,Inactive
14569,1,1,227.39,227.39,79,New
14570,2,281,218.06,109.03,95,Inactive
14572,7,3,2832.84,404.69,1428,Loyal
14573,9,180,1653.42,183.71,544,Risk
14576,1,372,35.4,35.4,12,Inactive
14577,4,13,859.71,214.93,353,New
14578,1,3,168.63,168.63,240,New
14581,1,17,138.6,138.6,217,New
14582,1,41,114.11,114.11,73,Inactive
14583,5,6,1052.55,210.51,792,Loyal
14584,4,169,1042.26,260.56,383,Inactive
14585,1,50,157.05,157.05,91,Inactive
14586,1,277,237.36,237.36,444,Inactive
14587,9,19,1601.14,177.9,761,Risk
14589,1,372,39.75,39.75,5,Inactive
14591,4,15,1447.14,361.78,1297,New
14592,3,35,570.46,190.15,415,Inactive
14593,3,22,617.99,206.0,332,Inactive
14594,2,7,379.83,189.92,185,New
14595,6,20,1740.6,290.1,978,Risk
14597,2,11,883.15,441.58,577,New
14598,1,44,221.97,221.97,189,Inactive
14600,1,306,393.33,393.33,125,Inactive
14601,1,11,213.96,213.96,168,New
14603,1,275,660.0,660.0,400,Inactive
14606,93,1,12156.65,130.72,6224,Loyal
14607,12,16,11421.1,951.76,8006,VIP
14608,4,4,1785.15,446.29,437,New
14609,4,72,601.56,150.39,7026,Inactive
14616,3,243,406.08,135.36,104,Inactive
14618,3,9,553.44,184.48,264,New
14619,1,246,394.44,394.44,152,Inactive
14620,2,206,412.78,206.39,214,Inactive
14621,5,1,1788.36,357.67,993,Loyal
14622,1,185,320.58,320.58,146,Inactive
14623,5,32,889.25,177.85,419,Risk
14624,2,57,225.85,112.92,162,Inactive
14625,2,196,899.63,449.82,335,Inactive
14626,4,24,2791.27,697.82,1403,Inactive
14628,2,91,671.96,335.98,272,Inactive
14629,2,4,959.01,479.5,380,New
14631,3,51,1006.98,335.66,622,Inactive
14632,1,263,114.56,114.56,96,Inactive
14633,1,266,344.9,344.9,96,Inactive
14636,2,36,609.85,304.92,241,Inactive
14638,1,51,443.6,443.6,166,Inactive
14639,6,52,2984.49,497.42,1431,Risk
14640,6,24,2125.08,354.18,886,Risk
14641,1,22,110.46,110.46,90,Inactive
14642,1,59,96.12,96.12,76,Inactive
14643,2,170,693.81,346.9,815,Inactive
14644,2,68,830.76,415.38,258,Inactive
14645,2,157,597.09,298.54,381,Inactive
14646,73,2,280206.02,3838.44,196915,VIP
14647,1,201,243.22,243.22,95,Inactive
14649,4,5,1417.29,354.32,1018,New
14651,2,67,654.6,327.3,344,Inactive
14652,1,77,114.18,114.18,53,Inactive
14653,7,1,1947.55,278.22,950,Loyal
14655,4,8,1932.23,483.06,1089,New
14656,2,169,291.05,145.52,120,Inactive
14657,4,18,848.22,212.06,466,New
14658,2,5,247.15,123.58,47,New
14659,9,9,2529.93,281.1,1195,Loyal
14660,2,87,285.74,142.87,228,Inactive
14661,1,27,107.95,107.95,35,Inactive
14662,4,29,771.17,192.79,602,Inactive
14664,2,20,637.89,318.94,466,Inactive
14665,4,90,1276.18,319.04,502,Inactive
14666,1,24,195.25,195.25,161,Inactive
14667,25,11,9241.2,369.65,5385,Loyal
14669,3,242,1269.99,423.33,775,Inactive
14670,2,280,411.53,205.76,337,Inactive
14672,2,235,765.55,382.78,454,Inactive
14673,5,3,1736.4,347.28,1004,Loyal
14675,1,16,604.75,604.75,341,New
14676,6,31,2548.24,424.71,2500,Risk
14680,16,25,28754.11,1797.13,13476,Risk
14681,3,71,498.95,166.32,76,Inactive
14682,2,188,52.0,26.0,80,Inactive
14684,5,26,1236.28,247.26,853,Risk
14687,1,107,628.38,628.38,470,Inactive
14688,21,8,5630.87,268.14,3621,Loyal
14689,1,209,112.8,112.8,76,Inactive
14690,2,44,371.7,185.85,170,Inactive
14691,5,31,2114.33,422.87,707,Risk
14692,4,137,591.55,147.89,265,Inactive
14693,1,265,172.9,172.9,34,Inactive
14696,7,4,2078.95,296.99,1630,Loyal
14697,2,218,188.61,94.3,181,Inactive
14698,5,2,1250.76,250.15,615,Loyal
14699,1,214,109.13,109.13,77,Inactive
14700,3,32,2235.3,745.1,1342,Inactive
14701,9,11,2549.37,283.26,932,Loyal
14702,17,1,3292.14,193.66,1454,Loyal
14703,1,15,318.17,318.17,183,New
14704,9,11,1546.91,171.88,1082,Loyal
14705,1,199,179.0,179.0,100,Inactive
14708,3,3,1126.37,375.46,621,New
14709,13,15,4921.04,378.54,2484,Loyal
14710,4,14,606.13,151.53,378,New
14711,11,10,2868.8,260.8,978,Loyal
14712,3,29,917.07,305.69,315,Inactive
14713,11,9,2666.36,242.4,1615,Loyal
14714,1,24,160.19,160.19,229,Inactive
14715,4,25,867.38,216.84,521,Inactive
14716,2,43,329.68,164.84,604,Inactive
14719,5,2,1602.13,320.43,1032,Loyal
14720,3,6,663.81,221.27,219,New
14722,1,147,187.92,187.92,120,Inactive
14723,6,10,1158.3,193.05,695,Loyal
14725,1,25,718.08,718.08,593,Inactive
14727,1,274,268.58,268.58,62,Inactive
14729,1,374,313.49,313.49,197,Inactive
14730,8,1,2005.06,250.63,1132,Loyal
14731,3,47,380.02,126.67,256,Inactive
14732,8,8,2702.49,337.81,1405,Loyal
14733,12,16,9585.91,798.83,3764,VIP
14735,31,4,5847.59,188.63,2178,Loyal
14737,3,4,1164.55,388.18,345,New
14738,7,43,1314.45,187.78,601,Risk
14739,7,4,3902.28,557.47,3820,VIP
14740,3,197,1448.21,482.74,735,Inactive
14741,6,12,1400.34,233.39,841,Loyal
14744,7,16,1099.98,157.14,627,Loyal
14745,5,113,1220.26,244.05,1038,Risk
14747,1,249,328.2,328.2,84,Inactive
14748,5,29,1415.75,283.15,1223,Risk
14752,1,44,389.64,389.64,260,Inactive
14753,1,87,563.15,563.15,211,Inactive
14754,2,45,638.05,319.02,486,Inactive
14755,11,10,5010.28,455.48,2219,VIP
14756,1,15,738.96,738.96,416,New
14757,1,75,420.5,420.5,160,Inactive
14758,4,145,1484.06,371.02,419,Inactive
14759,3,5,1625.97,541.99,569,New
14760,1,297,89.2,89.2,40,Inactive
14761,2,59,255.9,127.95,118,Inactive
14762,1,264,300.52,300.52,341,Inactive
14764,1,47,278.3,278.3,190,Inactive
14765,3,29,254.11,84.7,135,Inactive
14766,6,8,2473.37,412.23,1349,Loyal
14768,2,17,192.6,96.3,52,New
14769,8,3,10674.75,1334.34,7436,VIP
14770,2,232,876.42,438.21,490,Inactive
14772,1,112,139.26,139.26,82,Inactive
14775,3,58,1011.9,337.3,1174,Inactive
14776,10,51,2208.06,220.81,2694,Risk
14778,2,127,730.86,365.43,306,Inactive
14779,3,281,386.15,128.72,84,Inactive
14780,2,55,447.68,223.84,310,Inactive
14782,1,320,200.1,200.1,114,Inactive
14784,2,26,289.99,145.0,237,Inactive
14785,2,10,77.4,38.7,84,New
14788,2,7,679.44,339.72,421,New
14789,1,29,197.64,197.64,116,Inactive
14790,4,17,745.06,186.26,699,New
14792,1,64,6.2,6.2,2,Inactive
14793,1,21,228.99,228.99,91,Inactive
14794,7,3,1319.91,188.56,673,Loyal
14795,1,166,131.45,131.45,17,Inactive
14796,17,1,8022.49,471.91,6025,VIP
14798,3,53,173.74,57.91,150,Inactive
14799,1,51,157.7,157.7,146,Inactive
14800,12,48,4339.74,361.64,3655,Risk
14801,1,61,193.14,193.14,175,Inactive
14803,3,162,845.55,281.85,370,Inactive
14804,1,9,353.27,353.27,121,New
14805,4,15,554.65,138.66,115,New
14806,1,75,193.39,193.39,330,Inactive
14808,8,40,2741.17,342.65,2147,Risk
14810,11,41,2087.88,189.81,1016,Risk
14813,2,370,155.43,77.72,67,Inactive
14815,2,37,778.5,389.25,744,Inactive
14816,1,197,271.85,271.85,5,Inactive
14817,2,200,1110.34,555.17,655,Inactive
14818,3,74,657.8,219.27,324,Inactive
14819,2,64,272.07,136.04,109,Inactive
14820,4,21,507.29,126.82,253,Inactive
14821,1,367,48.8,48.8,20,Inactive
14823,3,180,321.43,107.14,88,Inactive
14824,4,10,1127.71,281.93,525,New
14825,12,4,2226.91,185.58,991,Loyal
14828,3,197,2139.76,713.25,2172,Inactive
14829,4,29,697.55,174.39,452,Inactive
14830,1,53,197.13,197.13,169,Inactive
14834,6,18,1720.3,286.72,734,Loyal
14836,3,10,102.45,34.15,45,New
14837,4,90,1649.5,412.38,1436,Inactive
14840,1,268,62.85,62.85,31,Inactive
14841,6,53,3295.76,549.29,1778,Risk
14842,4,44,2824.69,706.17,1166,Inactive
14844,4,64,3189.81,797.45,1833,Inactive
14847,1,149,309.4,309.4,120,Inactive
14849,25,22,7930.54,317.22,5694,Risk
14850,1,312,325.75,325.75,293,Inactive
14851,2,23,511.35,255.68,325,Inactive
14852,6,58,2836.69,472.78,1747,Risk
14853,2,24,475.8,237.9,82,Inactive
14854,7,78,2759.83,394.26,1832,Risk
14855,2,119,645.65,322.83,267,Inactive
14856,3,36,1311.38,437.13,714,Inactive
14857,2,60,1173.12,586.56,464,Inactive
14859,4,13,1353.74,338.44,671,New
14860,1,19,170.32,170.32,232,Inactive
14861,1,52,125.79,125.79,117,Inactive
14862,2,26,841.2,420.6,772,Inactive
14863,1,29,266.76,266.76,132,Inactive
14865,2,7,52.2,26.1,108,New
14866,12,11,14389.9,1199.16,6752,VIP
14867,3,186,710.28,236.76,328,Inactive
14868,8,3,2953.59,369.2,1405,Loyal
14869,2,9,725.7,362.85,550,New
14870,1,262,327.25,327.25,119,Inactive
14871,4,3,522.38,130.6,185,New
14873,1,210,519.68,519.68,168,Inactive
14875,2,108,1465.32,732.66,558,Inactive
14878,9,13,1485.54,165.06,802,Loyal
14880,3,77,706.19,235.4,373,Inactive
14881,1,20,255.4,255.4,316,Inactive
14882,2,27,589.7,294.85,158,Inactive
14883,6,19,761.59,126.93,790,Risk
14885,1,132,765.32,765.32,724,Inactive
14886,1,253,364.8,364.8,160,Inactive
14887,1,79,1862.0,1862.0,1100,Inactive
14888,1,207,369.2,369.2,184,Inactive
14889,1,336,135.9,135.9,90,Inactive
14890,1,254,125.65,125.65,51,Inactive
14891,2,148,554.38,277.19,505,Inactive
14893,2,10,1237.85,618.92,799,New
14894,1,85,655.75,655.75,265,Inactive
14895,20,8,11138.71,556.94,4851,VIP
14896,2,205,468.77,234.39,279,Inactive
14897,4,8,1366.38,341.6,468,New
14898,6,23,1303.52,217.25,1020,Risk
14901,9,11,1421.29,157.92,661,Loyal
14902,1,26,332.66,332.66,218,Inactive
14903,5,21,2810.63,562.13,1536,Risk
14904,2,2,1025.44,512.72,1985,New
14905,2,158,616.15,308.08,287,Inactive
14907,7,3,3501.1,500.16,1691,VIP
14908,1,74,277.8,277.8,132,Inactive
14910,4,3,434.35,108.59,238,New
14911,198,1,138767.1,700.84,77633,VIP
14912,2,17,867.85,433.92,971,New
14913,4,36,1227.43,306.86,1743,Inactive
14915,2,91,307.48,153.74,112,Inactive
14916,4,71,1268.98,317.24,1136,Inactive
14918,2,116,1610.15,805.08,675,Inactive
14920,2,213,977.77,488.88,509,Inactive
14921,2,30,1316.07,658.04,953,Inactive
14923,1,51,749.1,749.1,418,Inactive
14924,1,246,310.05,310.05,64,Inactive
14929,1,32,223.88,223.88,136,Inactive
14930,3,109,2372.86,790.95,1166,Inactive
14931,4,5,964.68,241.17,320,New
14932,1,366,363.53,363.53,80,Inactive
14934,2,82,1890.94,945.47,1042,Inactive
14935,1,297,1784.71,1784.71,935,Inactive
14936,8,34,8137.02,1017.13,4085,Risk
14937,3,57,1621.88,540.63,484,Inactive
14944,12,30,5900.25,491.69,2815,Risk
14946,1,14,100.9,100.9,22,New
14947,2,72,290.82,145.41,179,Inactive
14948,6,23,1101.97,183.66,673,Risk
14950,1,19,371.2,371.2,136,Inactive
14951,1,79,311.69,311.69,311,Inactive
14952,11,60,8099.49,736.32,3355,Risk
14953,1,25,289.82,289.82,225,Inactive
14954,1,12,336.17,336.17,127,New
14957,1,253,58.49,58.49,34,Inactive
14958,3,147,499.68,166.56,129,Inactive
14959,4,64,695.42,173.86,494,Inactive
14960,2,8,221.27,110.64,221,New
14961,9,11,7044.68,782.74,3708,VIP
14962,1,271,126.7,126.7,44,Inactive
14963,5,10,1487.8,297.56,1176,Loyal
14964,1,247,206.21,206.21,143,Inactive
14965,2,96,599.0,299.5,365,Inactive
14966,1,15,191.32,191.32,187,New
14967,1,50,463.8,463.8,140,Inactive
14968,1,30,147.59,147.59,127,Inactive
14970,4,68,1592.06,398.02,250,Inactive
14971,3,35,1116.57,372.19,644,Inactive
14972,1,128,114.77,114.77,28,Inactive
14973,3,107,1314.45,438.15,369,Inactive
14974,1,37,114.39,114.39,44,Inactive
14975,1,57,279.94,279.94,380,Inactive
14976,7,57,790.86,112.98,234,Risk
14978,5,72,1931.42,386.28,525,Risk
14981,1,246,102.12,102.12,97,Inactive
14984,2,19,213.27,106.64,60,Inactive
14985,2,198,296.75,148.38,260,Inactive
14987,2,16,326.4,163.2,128,New
14988,1,212,334.54,334.54,141,Inactive
14995,2,39,233.23,116.62,103,Inactive
14997,3,46,546.2,182.07,1120,Inactive
14998,2,170,429.87,214.94,270,Inactive
15000,1,48,490.52,490.52,218,Inactive
15002,4,116,1641.76,410.44,862,Inactive
15004,1,147,1246.32,1246.32,630,Inactive
15005,28,16,6316.57,225.59,4247,Loyal
15006,1,51,502.09,502.09,302,Inactive
15007,1,159,156.91,156.91,69,Inactive
15009,3,12,1261.78,420.59,642,New
15010,1,36,308.94,308.94,184,Inactive
15012,2,54,423.04,211.52,231,Inactive
15014,2,43,260.17,130.08,151,Inactive
15016,1,173,170.04,170.04,76,Inactive
15017,1,34,125.58,125.58,63,Inactive
15018,3,39,496.21,165.4,189,Inactive
15019,1,267,266.0,266.0,159,Inactive
15021,9,9,1914.82,212.76,847,Loyal
15022,4,12,905.04,226.26,543,New
15023,11,3,6802.76,618.43,2871,VIP
15024,10,10,1661.33,166.13,920,Loyal
15025,1,33,377.01,377.01,189,Inactive
15026,3,80,469.0,156.33,285,Inactive
15027,4,31,1066.15,266.54,565,Inactive
15028,4,8,627.13,156.78,459,New
15030,2,72,518.28,259.14,372,Inactive
15031,4,4,668.14,167.04,401,New
15032,3,256,4959.1,1653.03,2968,Inactive
15033,10,5,2586.67,258.67,1695,Loyal
15034,8,16,4308.61,538.58,2422,VIP
15035,1,90,252.73,252.73,245,Inactive
15036,3,72,465.55,155.18,327,Inactive
15038,6,59,705.49,117.58,217,Risk
15039,47,10,19914.44,423.71,9209,Loyal
15041,1,170,180.35,180.35,104,Inactive
15042,1,199,135.93,135.93,30,Inactive
15043,1,31,537.0,537.0,300,Inactive
15044,17,19,7700.23,452.95,2795,Risk
15045,2,152,735.66,367.83,114,Inactive
15046,15,9,5213.77,347.58,3451,Loyal
15047,1,270,343.62,343.62,222,Inactive
15048,4,65,384.05,96.01,195,Inactive
15049,1,274,121.17,121.17,63,Inactive
15050,3,25,1782.09,594.03,1224,Inactive
15051,3,23,1391.61,463.87,1011,Inactive
15052,1,319,215.78,215.78,82,Inactive
15053,3,5,697.79,232.6,986,New
15054,2,12,302.1,151.05,198,New
15057,2,275,1489.5,744.75,668,Inactive
15058,11,25,2124.99,193.18,1069,Risk
15059,9,41,1337.72,148.64,604,Risk
15060,4,8,303.09,75.77,263,New
15061,48,4,54534.14,1136.13,28920,VIP
15062,4,71,987.86,246.96,763,Inactive
15063,1,213,370.8,370.8,56,Inactive
15065,4,38,3158.13,789.53,1383,Inactive
15066,1,53,893.59,893.59,317,Inactive
15067,3,78,1744.76,581.59,954,Inactive
15068,2,46,553.36,276.68,364,Inactive
15069,1,179,1109.53,1109.53,520,Inactive
15070,1,373,106.2,106.2,36,Inactive
15071,2,94,982.07,491.04,269,Inactive
15073,2,10,612.43,306.22,277,New
15074,1,105,748.87,748.87,455,Inactive
15075,1,78,773.03,773.03,447,Inactive
15076,1,173,880.85,880.85,571,Inactive
15078,32,7,9743.11,304.47,5105,Loyal
15079,4,213,895.61,223.9,389,Inactive
15081,5,22,504.8,100.96,190,Risk
15083,1,257,88.2,88.2,38,Inactive
15087,1,282,306.94,306.94,470,Inactive
15088,2,21,1160.07,580.04,460,Inactive
15089,6,10,2420.84,403.47,1359,Loyal
15090,1,308,381.32,381.32,208,Inactive
15091,1,68,480.71,480.71,346,Inactive
15092,2,215,457.81,228.91,135,Inactive
15093,6,18,4597.02,766.17,3760,VIP
15095,4,104,1370.6,342.65,1079,Inactive
15096,1,43,219.39,219.39,120,Inactive
15097,1,4,248.08,248.08,170,New
15098,1,182,649.5,649.5,1,Inactive
15099,1,84,410.48,410.48,343,Inactive
15100,3,334,876.0,292.0,80,Inactive
15101,2,9,317.53,158.76,241,New
15103,2,31,703.36,351.68,329,Inactive
15104,2,197,1027.44,513.72,637,Inactive
15105,7,18,2298.93,328.42,1211,Loyal
15106,5,18,1422.52,284.5,1181,Loyal
15107,6,311,319.5,53.25,169,Risk
15108,4,142,1300.25,325.06,499,Inactive
15109,1,246,484.95,484.95,131,Inactive
15110,4,24,996.1,249.02,246,Inactive
15111,3,29,1567.48,522.49,710,Inactive
15113,3,10,3609.33,1203.11,2386,New
15114,10,30,2760.56,276.06,3096,Risk
15115,1,18,340.11,340.11,157,New
15116,4,18,1352.75,338.19,648,New
15117,5,15,1551.78,310.36,1948,Loyal
15118,1,134,244.8,244.8,1440,Inactive
15119,1,246,266.4,266.4,88,Inactive
15120,1,134,358.82,358.82,296,Inactive
15121,2,50,457.72,228.86,199,Inactive
15122,3,114,1633.78,544.59,800,Inactive
15123,2,7,2199.31,1099.66,1195,New
15124,2,23,184.19,92.1,233,Inactive
15125,14,25,11349.48,810.68,6093,Risk
15127,1,66,406.53,406.53,251,Inactive
15128,4,60,1471.0,367.75,1343,Inactive
15129,11,50,3447.4,313.4,1794,Risk
15130,1,170,330.11,330.11,197,Inactive
15132,5,18,977.93,195.59,679,Loyal
15133,3,128,982.42,327.47,680,Inactive
15134,8,15,1387.99,173.5,887,Loyal
15135,1,239,139.05,139.05,43,Inactive
15136,4,3,1286.7,321.68,776,New
15139,2,240,178.96,89.48,208,Inactive
15140,7,52,2354.25,336.32,1572,Risk
15142,1,46,498.74,498.74,365,Inactive
15143,1,226,259.45,259.45,150,Inactive
15144,17,8,6580.44,387.08,3050,Loyal
15145,4,4,1194.73,298.68,756,New
15146,2,165,1327.16,663.58,1473,Inactive
15147,1,240,623.5,623.5,366,Inactive
15148,1,11,301.29,301.29,187,New
15149,1,134,520.8,520.8,128,Inactive
15150,10,17,5314.47,531.45,3658,VIP
15152,13,10,4745.69,365.05,2704,Loyal
15153,1,31,329.25,329.25,198,Inactive
15154,1,75,296.42,296.42,104,Inactive
15156,3,1,961.49,320.5,597,New
15157,3,4,1936.07,645.36,2392,New
15158,1,45,401.4,401.4,198,Inactive
15159,30,2,18641.01,621.37,11441,VIP
15160,1,357,158.16,158.16,84,Inactive
15163,2,18,304.47,152.24,186,New
15164,3,69,843.05,281.02,360,Inactive
15165,1,373,487.75,487.75,160,Inactive
15167,1,321,163.0,163.0,67,Inactive
15168,1,26,106.56,106.56,52,Inactive
15171,1,331,1289.5,1289.5,290,Inactive
15172,5,9,1624.05,324.81,1611,Loyal
15174,1,323,135.75,135.75,145,Inactive
15175,1,72,224.14,224.14,454,Inactive
15178,1,260,40.5,40.5,30,Inactive
15179,5,18,2206.95,441.39,1938,VIP
15180,1,367,87.5,87.5,36,Inactive
15181,3,66,689.48,229.83,544,Inactive
15182,2,154,622.85,311.42,253,Inactive
15184,2,29,406.76,203.38,223,Inactive
15185,1,70,310.62,310.62,666,Inactive
15186,2,14,411.41,205.7,215,New
15187,16,2,4777.18,298.57,1887,Loyal
15189,41,1,16225.39,395.74,6149,Loyal
15192,3,120,1044.32,348.11,918,Inactive
15193,1,61,499.32,499.32,144,Inactive
15194,15,3,7616.53,507.77,5703,VIP
15195,1,3,3861.0,3861.0,1404,New
15197,3,11,1079.61,359.87,469,New
15198,2,92,193.64,96.82,120,Inactive
15199,4,59,1268.7,317.17,396,Inactive
15201,5,87,1236.54,247.31,1210,Risk
15203,6,26,1827.8,304.63,1753,Risk
15204,1,357,316.58,316.58,258,Inactive
15205,2,85,653.24,326.62,378,Inactive
15206,4,10,420.3,105.08,162,New
15208,5,1,870.12,174.02,316,Loyal
15210,1,225,331.18,331.18,228,Inactive
15211,2,60,894.41,447.21,240,Inactive
15212,1,241,101.8,101.8,36,Inactive
15213,2,319,328.35,164.18,272,Inactive
15214,8,2,1661.44,207.68,1254,Loyal
15215,3,47,734.94,244.98,225,Inactive
15216,1,88,96.6,96.6,28,Inactive
15218,11,11,5756.89,523.35,3329,VIP
15219,1,176,305.75,305.75,45,Inactive
15220,6,52,1778.96,296.49,1393,Risk
15221,1,366,403.25,403.25,43,Inactive
15222,1,319,585.0,585.0,440,Inactive
15223,1,226,454.9,454.9,98,Inactive
15224,2,358,322.08,161.04,152,Inactive
15225,1,234,409.4,409.4,226,Inactive
15226,1,311,154.41,154.41,71,Inactive
15227,5,37,1219.4,243.88,750,Risk
15228,4,66,3386.71,846.68,2255,Inactive
15230,2,239,429.6,214.8,351,Inactive
15232,2,113,612.06,306.03,686,Inactive
15234,1,277,197.0,197.0,196,Inactive
15235,12,218,2247.51,187.29,1324,Risk
15236,1,299,321.05,321.05,269,Inactive
15237,4,2,1412.32,353.08,1071,New
15238,3,29,1071.99,357.33,692,Inactive
15239,2,10,780.59,390.3,594,New
15240,5,45,1706.57,341.31,1369,Risk
15241,8,67,1756.44,219.56,1818,Risk
15243,1,74,316.68,316.68,185,Inactive
15244,2,65,631.57,315.78,405,Inactive
15245,3,134,2515.84,838.61,1784,Inactive
15246,2,238,514.15,257.08,247,Inactive
15247,1,122,356.0,356.0,160,Inactive
15249,13,32,6688.46,514.5,3577,Risk
15251,11,9,10484.99,953.18,6171,VIP
15252,2,36,740.78,370.39,522,Inactive
15253,5,16,918.2,183.64,866,Loyal
15254,1,127,300.36,300.36,275,Inactive
15255,1,67,890.85,890.85,489,Inactive
15256,1,149,98.45,98.45,55,Inactive
15257,1,283,317.15,317.15,46,Inactive
15258,2,169,623.16,311.58,142,Inactive
15260,7,100,1810.77,258.68,885,Risk
15261,1,135,254.82,254.82,270,Inactive
15262,1,324,178.95,178.95,73,Inactive
15263,1,107,156.51,156.51,89,Inactive
15264,1,64,393.74,393.74,265,Inactive
15265,2,151,1506.12,753.06,612,Inactive
15266,1,338,119.3,119.3,18,Inactive
15267,5,22,1717.36,343.47,944,Risk
15269,1,24,408.8,408.8,26,Inactive
15270,7,16,2379.49,339.93,1521,Loyal
15271,15,7,2507.07,167.14,1262,Loyal
15272,2,57,721.94,360.97,310,Inactive
15274,2,4,716.57,358.28,619,New
15275,1,38,615.14,615.14,498,Inactive
15276,1,66,135.31,135.31,64,Inactive
15277,1,47,255.9,255.9,205,Inactive
15279,1,355,290.51,290.51,189,Inactive
15280,1,172,113.12,113.12,154,Inactive
15281,9,59,2332.15,259.13,1211,Risk
15286,1,50,240.55,240.55,55,Inactive
15287,2,22,486.69,243.35,433,Inactive
15288,5,43,2306.52,461.3,775,Risk
15289,3,29,939.78,313.26,1008,Inactive
15290,17,5,7898.22,464.6,4465,VIP
15291,15,26,4668.3,311.22,2103,Risk
15292,1,201,180.94,180.94,56,Inactive
15296,5,51,3658.96,731.79,1764,Risk
15297,3,10,641.94,213.98,292,New
15298,12,2,4799.9,399.99,3116,Loyal
15299,6,67,3907.01,651.17,2468,Risk
15300,1,64,496.44,496.44,292,Inactive
15301,12,51,5070.35,422.53,2775,Risk
15303,1,290,574.02,574.02,248,Inactive
15304,8,61,694.4,86.8,104,Risk
15306,3,64,1174.35,391.45,810,Inactive
15307,1,96,205.3,205.3,37,Inactive
15308,1,274,310.47,310.47,175,Inactive
15311,91,1,60767.9,667.78,38194,VIP
15312,4,75,924.85,231.21,516,Inactive
15313,1,110,52.0,52.0,25,Inactive
15314,1,199,327.97,327.97,313,Inactive
15315,2,64,570.5,285.25,862,Inactive
15316,1,327,165.0,165.0,100,Inactive
15318,1,4,312.62,312.62,642,New
15319,1,284,204.5,204.5,175,Inactive
15320,1,44,267.13,267.13,326,Inactive
15321,3,71,2748.31,916.1,1181,Inactive
15322,1,86,679.68,679.68,416,Inactive
15325,1,104,162.29,162.29,232,Inactive
15326,1,334,311.71,311.71,386,Inactive
15327,1,53,208.75,208.75,116,Inactive
15329,3,39,1049.7,349.9,486,Inactive
15330,2,32,714.96,357.48,1312,Inactive
15332,4,366,1661.06,415.26,652,Inactive
15333,1,208,1028.56,1028.56,344,Inactive
15334,3,157,351.67,117.22,274,Inactive
15335,1,54,173.97,173.97,80,Inactive
15339,2,66,574.07,287.03,416,Inactive
15341,1,81,2020.52,2020.52,812,Inactive
15342,1,130,406.09,406.09,283,Inactive
15343,1,87,364.5,364.5,84,Inactive
15344,3,1,563.94,187.98,116,New
15345,1,46,393.54,393.54,81,Inactive
15346,1,333,252.42,252.42,144,Inactive
15347,1,366,201.6,201.6,130,Inactive
15348,1,72,158.04,158.04,84,Inactive
15349,2,158,473.81,236.9,327,Inactive
15350,1,373,115.65,115.65,51,Inactive
15351,7,12,1960.11,280.02,753,Loyal
15353,2,255,777.02,388.51,343,Inactive
15355,2,29,277.05,138.52,45,Inactive
15356,10,31,2766.5,276.65,1673,Risk
15358,22,5,8347.2,379.42,7050,Loyal
15360,1,40,427.93,427.93,223,Inactive
15361,1,362,418.92,418.92,336,Inactive
15363,1,373,326.0,326.0,144,Inactive
15364,2,96,913.19,456.6,493,Inactive
15365,5,26,1330.45,266.09,613,Risk
15366,2,75,602.51,301.26,621,Inactive
15367,4,57,1877.59,469.4,1057,Inactive
15368,1,21,446.94,446.94,230,Inactive
15370,7,41,2386.05,340.86,830,Risk
15372,1,137,2007.4,2007.4,2924,Inactive
15373,11,8,2213.11,201.19,476,Loyal
15374,1,129,168.0,168.0,126,Inactive
15376,3,40,1233.36,411.12,619,Inactive
15379,7,169,3703.29,529.04,2305,Risk
15380,5,9,1690.26,338.05,376,Loyal
15381,2,214,596.85,298.42,171,Inactive
15382,6,15,5955.71,992.62,4012,VIP
15384,2,170,642.41,321.2,596,Inactive
15385,1,40,316.88,316.88,161,Inactive
15386,1,186,394.14,394.14,446,Inactive
15388,1,270,140.54,140.54,88,Inactive
15389,1,172,500.0,500.0,400,Inactive
15392,4,5,1535.53,383.88,1277,New
15393,2,16,231.86,115.93,150,New
15394,4,10,2183.54,545.88,910,New
15395,1,326,107.45,107.45,17,Inactive
15396,1,113,288.18,288.18,122,Inactive
15397,1,290,94.0,94.0,20,Inactive
15398,2,16,1345.53,672.77,769,New
15399,3,1,815.77,271.92,611,New
15400,5,92,716.2,143.24,390,Risk
15402,2,149,626.77,313.38,694,Inactive
15405,1,189,349.1,349.1,193,Inactive
15406,2,31,510.71,255.36,254,Inactive
15407,4,34,1056.44,264.11,558,Inactive
15408,1,264,267.18,267.18,106,Inactive
15410,8,84,3450.84,431.36,1200,Risk
15411,4,26,1358.88,339.72,530,Inactive
15412,1,171,190.53,190.53,108,Inactive
15414,3,10,774.9,258.3,443,New
15415,1,313,572.81,572.81,575,Inactive
15416,4,65,3984.32,996.08,2090,Inactive
15417,1,85,508.8,508.8,284,Inactive
15419,1,25,135.86,135.86,230,Inactive
15421,4,59,950.36,237.59,500,Inactive
15422,2,323,97.7,48.85,38,Inactive
15423,1,38,43.5,43.5,101,Inactive
15424,2,254,383.34,191.67,554,Inactive
15426,5,19,1447.39,289.48,674,Risk
15427,3,33,1483.14,494.38,1013,Inactive
15428,1,15,93.78,93.78,102,New
15429,2,27,397.35,198.68,380,Inactive
15432,1,23,171.19,171.19,65,Inactive
15433,2,214,533.3,266.65,534,Inactive
15434,5,8,1041.48,208.3,647,Loyal
15435,1,22,149.29,149.29,54,Inactive
15436,3,12,1122.53,374.18,613,New
15437,1,262,200.16,200.16,79,Inactive
15438,1,131,156.58,156.58,59,Inactive
15440,3,55,383.68,127.89,197,Inactive
15442,1,249,594.0,594.0,120,Inactive
15443,7,2,3236.91,462.42,1663,VIP
15444,2,9,1418.26,709.13,764,New
15445,1,264,113.5,113.5,58,Inactive
15447,1,331,155.17,155.17,85,Inactive
15448,1,313,494.64,494.64,232,Inactive
15449,3,26,974.52,324.84,812,Inactive
15450,1,30,429.84,429.84,376,Inactive
15452,3,30,538.73,179.58,283,Inactive
15453,7,2,1388.37,198.34,845,Loyal
15454,1,362,179.1,179.1,86,Inactive
15456,3,283,447.22,149.07,660,Inactive
15457,1,262,237.07,237.07,132,Inactive
15458,1,25,161.64,161.64,156,Inactive
15460,1,354,216.76,216.76,109,Inactive
15462,3,94,234.6,78.2,172,Inactive
15463,1,29,126.14,126.14,106,Inactive
15464,1,338,1048.85,1048.85,350,Inactive
15465,18,20,7354.62,408.59,1257,Risk
15466,1,85,334.53,334.53,246,Inactive
15467,3,9,524.88,174.96,310,New
15468,2,51,467.51,233.76,155,Inactive
15469,2,50,538.55,269.27,153,Inactive
15471,1,2,469.48,469.48,266,New
15472,1,113,371.56,371.56,251,Inactive
15473,4,14,1465.2,366.3,552,New
15475,1,77,454.11,454.11,319,Inactive
15478,2,40,1441.42,720.71,585,Inactive
15480,1,116,905.5,905.5,303,Inactive
15482,10,16,8484.32,848.43,3808,VIP
15483,4,161,233.81,58.45,295,Inactive
15484,4,1,3594.31,898.58,3152,New
15485,3,30,2575.0,858.33,1306,Inactive
15488,1,93,91.32,91.32,73,Inactive
15489,3,23,1134.28,378.09,608,Inactive
15491,6,95,3100.09,516.68,1646,Risk
15492,2,28,659.46,329.73,483,Inactive
15493,5,33,2001.8,400.36,560,Risk
15494,2,21,1299.23,649.62,1148,Inactive
15497,2,18,1262.2,631.1,624,New
15498,27,3,13316.4,493.2,6105,VIP
15500,4,8,1131.56,282.89,572,New
15502,10,16,9912.73,991.27,4217,VIP
15503,1,363,147.09,147.09,74,Inactive
15504,1,81,52.83,52.83,33,Inactive
15505,5,53,3610.96,722.19,2390,Risk
15506,3,23,979.26,326.42,848,Inactive
15507,1,172,492.36,492.36,162,Inactive
15508,6,189,1000.27,166.71,440,Risk
15510,1,331,250.0,250.0,2,Inactive
15511,5,12,909.23,181.85,271,Loyal
15512,2,156,121.0,60.5,68,Inactive
15513,19,33,14758.22,776.75,5709,Risk
15514,10,12,3003.14,300.31,1838,Loyal
15516,3,45,62.43,20.81,27,Inactive
15517,1,233,267.03,267.03,293,Inactive
15518,8,64,1942.45,242.81,1273,Risk
15520,1,2,343.5,343.5,314,New
15521,6,40,2790.4,465.07,1732,Risk
15522,2,33,398.84,199.42,573,Inactive
15523,1,84,412.01,412.01,132,Inactive
15524,1,25,440.0,440.0,4,Inactive
15525,3,2,825.92,275.31,416,New
15526,2,33,148.44,74.22,24,Inactive
15527,8,19,2429.78,303.72,992,Risk
15528,1,254,229.33,229.33,123,Inactive
15529,11,23,3995.23,363.2,3496,Risk
15530,4,22,1502.35,375.59,950,Inactive
15531,2,8,2007.44,1003.72,1105,New
15532,4,25,1580.93,395.23,521,Inactive
15533,3,19,807.57,269.19,289,Inactive
15535,4,173,536.4,134.1,143,Inactive
15537,1,163,110.92,110.92,29,Inactive
15539,1,7,538.46,538.46,410,New
15540,1,11,213.3,213.3,200,New
15541,1,114,85.13,85.13,49,Inactive
15543,1,288,127.86,127.86,86,Inactive
15544,9,9,3546.71,394.08,3109,Loyal
15545,2,54,292.72,146.36,163,Inactive
15547,14,7,4954.84,353.92,4032,Loyal
15549,3,77,1693.26,564.42,698,Inactive
15550,4,4,575.63,143.91,295,New
15551,1,37,436.06,436.06,218,Inactive
15552,1,217,90.12,90.12,60,Inactive
15553,1,60,437.23,437.23,451,Inactive
15554,1,278,217.2,217.2,74,Inactive
15555,16,12,4805.17,300.32,4439,Loyal
15556,1,24,279.77,279.77,236,Inactive
15557,1,29,473.65,473.65,219,Inactive
15561,4,12,800.59,200.15,267,New
15562,1,352,134.55,134.55,39,Inactive
15563,4,22,1400.44,350.11,1501,Inactive
15565,2,50,173.16,86.58,60,Inactive
15567,1,19,186.01,186.01,223,Inactive
15568,3,3,758.29,252.76,461,New
15569,5,104,1375.71,275.14,666,Risk
15570,12,7,4165.52,347.13,2067,Loyal
15571,4,12,650.43,162.61,264,New
15572,7,5,2552.86,364.69,1229,Loyal
15573,2,32,607.45,303.73,363,Inactive
15574,4,178,702.25,175.56,349,Inactive
15576,1,38,940.67,940.67,404,Inactive
15577,3,151,258.88,86.29,89,Inactive
15578,1,162,127.1,127.1,52,Inactive
15579,2,69,348.6,174.3,120,Inactive
15581,12,121,3429.97,285.83,285,Risk
15582,3,25,682.91,227.64,453,Inactive
15584,4,24,725.11,181.28,314,Inactive
15585,1,177,455.3,455.3,320,Inactive
15587,4,50,913.68,228.42,312,Inactive
15589,3,256,478.53,159.51,243,Inactive
15592,1,47,388.58,388.58,354,Inactive
15593,1,71,199.8,199.8,60,Inactive
15594,5,16,1771.78,354.36,983,Loyal
15596,5,101,1406.59,281.32,561,Risk
15597,1,35,324.57,324.57,279,Inactive
15598,1,53,240.68,240.68,160,Inactive
15599,2,27,761.74,380.87,718,Inactive
15601,14,11,6776.56,484.04,4983,VIP
15602,7,8,1177.87,168.27,1041,Loyal
15603,1,79,48.48,48.48,96,Inactive
15604,1,52,216.39,216.39,159,Inactive
15605,5,36,1198.23,239.65,441,Risk
15606,9,61,2920.16,324.46,892,Risk
15607,1,337,104.76,104.76,202,Inactive
15608,4,28,1093.68,273.42,714,Inactive
15609,1,184,298.48,298.48,148,Inactive
15610,1,52,112.46,112.46,66,Inactive
15611,13,10,1591.45,122.42,504,Loyal
15612,2,36,195.15,97.58,52,Inactive
15615,23,10,10399.74,452.16,5508,VIP
15618,4,33,776.85,194.21,454,Inactive
15619,1,11,336.4,336.4,136,New
15620,3,57,1553.18,517.73,915,Inactive
15621,4,4,1293.03,323.26,501,New
15622,8,87,3327.61,415.95,1568,Risk
15623,1,141,301.03,301.03,125,Inactive
15624,4,117,588.13,147.03,357,Inactive
15625,4,104,1534.26,383.56,1188,Inactive
15626,2,75,675.8,337.9,766,Inactive
15628,9,5,2870.24,318.92,1894,Loyal
15630,2,45,1186.35,593.17,800,Inactive
15632,8,16,3285.31,410.66,2109,Loyal
15634,1,17,243.55,243.55,99,New
15636,2,90,724.76,362.38,284,Inactive
15637,1,53,223.36,223.36,128,Inactive
15639,1,134,425.32,425.32,323,Inactive
15640,15,4,12515.66,834.38,6607,VIP
15641,4,105,1887.2,471.8,1562,Inactive
15643,3,192,664.0,221.33,246,Inactive
15644,4,166,813.0,203.25,557,Inactive
15645,1,19,612.01,612.01,256,Inactive
15646,3,158,447.64,149.21,394,Inactive
15648,2,204,657.35,328.68,221,Inactive
15649,2,336,816.0,408.0,192,Inactive
15651,3,37,646.3,215.43,479,Inactive
15652,1,91,337.74,337.74,208,Inactive
15653,2,93,877.44,438.72,1200,Inactive
15654,2,9,922.53,461.26,475,New
15655,1,243,560.67,560.67,324,Inactive
15656,4,45,748.5,187.12,343,Inactive
15657,1,23,30.0,30.0,24,Inactive
15658,5,190,1024.1,204.82,242,Risk
15659,1,44,306.45,306.45,111,Inactive
15660,9,25,1600.86,177.87,1050,Risk
15661,2,317,309.8,154.9,236,Inactive
15663,1,106,138.14,138.14,106,Inactive
15664,1,51,386.43,386.43,157,Inactive
15665,2,168,2242.01,1121.01,1666,Inactive
15667,1,40,301.32,301.32,240,Inactive
15668,1,218,76.32,76.32,72,Inactive
15669,4,40,684.34,171.08,342,Inactive
15670,1,297,173.05,173.05,91,Inactive
15671,7,19,2657.13,379.59,1699,Risk
15673,4,88,2881.02,720.26,1514,Inactive
15674,3,73,1756.77,585.59,848,Inactive
15675,3,81,323.69,107.9,527,Inactive
15676,3,19,3435.76,1145.25,2252,Inactive
15677,1,49,657.23,657.23,319,Inactive
15678,1,53,352.7,352.7,184,Inactive
15679,4,24,781.28,195.32,1170,Inactive
15680,3,9,1333.68,444.56,952,New
15681,4,25,946.36,236.59,556,Inactive
15683,1,117,193.75,193.75,131,Inactive
15687,9,9,2993.1,332.57,1310,Loyal
15689,2,120,254.1,127.05,84,Inactive
15690,2,4,239.76,119.88,408,New
15691,1,252,136.8,136.8,72,Inactive
15692,1,28,191.04,191.04,138,Inactive
15694,14,1,6479.4,462.81,1677,VIP
15695,2,267,409.98,204.99,212,Inactive
15696,8,33,2736.46,342.06,1028,Risk
15699,1,18,309.65,309.65,113,New
15700,2,172,696.68,348.34,357,Inactive
15701,4,2,1542.14,385.54,923,New
15703,1,265,211.5,211.5,66,Inactive
15704,4,140,2293.62,573.4,1028,Inactive
15705,1,201,143.1,143.1,62,Inactive
15706,4,64,1060.56,265.14,321,Inactive
15707,4,35,945.58,236.4,605,Inactive
15708,7,41,3364.24,480.61,1267,Risk
15709,1,284,133.25,133.25,121,Inactive
15712,5,9,1072.36,214.47,486,Loyal
15713,2,143,356.7,178.35,150,Inactive
15714,2,12,330.88,165.44,187,New
15716,4,146,1118.81,279.7,744,Inactive
15717,1,234,150.3,150.3,70,Inactive
15719,13,33,5045.61,388.12,2725,Risk
15720,1,24,598.73,598.73,281,Inactive
15721,1,12,507.08,507.08,409,New
15722,5,36,2222.56,444.51,1026,Risk
15723,1,365,203.1,203.1,87,Inactive
15724,2,201,218.25,109.12,73,Inactive
15725,1,15,415.25,415.25,221,New
15727,7,17,5178.96,739.85,3065,VIP
15729,1,213,85.0,85.0,28,Inactive
15730,3,66,1120.88,373.63,689,Inactive
15732,2,212,294.12,147.06,215,Inactive
15733,1,283,162.3,162.3,62,Inactive
15734,2,115,1339.45,669.73,346,Inactive
15737,8,15,1205.12,150.64,599,Loyal
15738,16,19,4812.42,300.78,2982,Risk
15739,1,66,449.12,449.12,472,Inactive
15740,1,49,154.88,154.88,152,Inactive
15743,4,16,784.46,196.12,216,New
15744,1,78,34.8,34.8,120,Inactive
15745,4,19,1094.59,273.65,421,Inactive
15746,1,134,196.88,196.88,178,Inactive
15747,3,13,974.04,324.68,480,New
15748,1,40,149.31,149.31,51,Inactive
15749,3,235,44534.3,14844.77,18028,Inactive
15750,8,3,2465.48,308.18,1786,Loyal
15752,7,40,2637.38,376.77,1978,Risk
15753,1,305,79.2,79.2,144,Inactive
15754,3,51,458.57,152.86,199,Inactive
15755,6,10,2364.25,394.04,1427,Loyal
15756,4,61,532.96,133.24,242,Inactive
15757,2,66,714.42,357.21,491,Inactive
15758,1,25,205.25,205.25,47,Inactive
15759,3,218,253.04,84.35,60,Inactive
15762,2,65,583.75,291.88,251,Inactive
15763,2,32,1086.92,543.46,271,Inactive
15764,6,88,3279.97,546.66,2050,Risk
15766,1,64,315.06,315.06,170,Inactive
15768,3,116,621.83,207.28,244,Inactive
15769,25,7,53328.72,2133.15,28072,VIP
15773,1,6,635.68,635.68,311,New
15774,1,69,270.8,270.8,87,Inactive
15775,1,245,104.9,104.9,68,Inactive
15776,1,133,241.62,241.62,138,Inactive
15777,4,241,1047.11,261.78,378,Inactive
15780,3,184,475.28,158.43,220,Inactive
15781,3,25,345.46,115.15,180,Inactive
15782,3,10,2614.74,871.58,864,New
15783,1,11,246.3,246.3,212,New
15785,5,33,2328.97,465.79,1612,Risk
15786,3,46,4932.2,1644.07,3364,Inactive
15787,3,26,948.05,316.02,540,Inactive
15789,1,358,351.3,351.3,438,Inactive
15790,1,10,220.85,220.85,114,New
15791,2,44,1612.69,806.34,731,Inactive
15793,3,15,965.61,321.87,553,New
15795,1,150,610.01,610.01,581,Inactive
15796,8,1,2711.56,338.94,861,Loyal
15797,4,113,2207.4,551.85,873,Inactive
15799,3,76,884.14,294.71,955,Inactive
15800,2,107,699.08,349.54,335,Inactive
15801,3,46,1063.95,354.65,570,Inactive
15802,1,143,451.42,451.42,1,Inactive
15803,1,51,415.82,415.82,290,Inactive
15804,13,1,4206.39,323.57,2565,Loyal
15805,17,23,5528.48,325.2,3387,Risk
15806,3,46,784.58,261.53,602,Inactive
15807,3,50,903.9,301.3,430,Inactive
15808,4,306,3734.97,933.74,1343,Inactive
15809,4,184,399.21,99.8,251,Inactive
15810,4,79,1391.98,348.0,861,Inactive
15811,6,22,2218.62,369.77,1071,Risk
15812,5,107,1801.14,360.23,922,Risk
15813,2,208,1303.91,651.95,603,Inactive
15814,4,17,1945.33,486.33,1271,New
15815,5,64,2100.6,420.12,1856,Risk
15819,4,49,1905.45,476.36,1357,Inactive
15820,1,320,206.98,206.98,128,Inactive
15821,2,44,570.96,285.48,202,Inactive
15822,2,3,885.47,442.74,375,New
15823,1,372,15.0,15.0,1,Inactive
15825,1,172,532.94,532.94,220,Inactive
15826,3,56,1654.31,551.44,963,Inactive
15827,14,73,1836.09,131.15,882,Risk
15829,2,99,636.14,318.07,996,Inactive
15830,1,38,576.0,576.0,415,Inactive
15831,3,58,801.76,267.25,1105,Inactive
15832,1,254,836.79,836.79,465,Inactive
15834,4,70,2233.75,558.44,965,Inactive
15835,4,44,954.09,238.52,439,Inactive
15836,1,50,137.37,137.37,26,Inactive
15837,1,65,391.98,391.98,189,Inactive
15838,19,11,33643.08,1770.69,18368,VIP
15839,3,33,1048.49,349.5,675,Inactive
15840,2,59,355.56,177.78,396,Inactive
15841,4,73,1224.06,306.02,942,Inactive
15843,1,304,118.95,118.95,27,Inactive
15844,1,46,130.74,130.74,134,Inactive
15845,8,18,3711.77,463.97,1926,VIP
15847,2,38,389.27,194.64,449,Inactive
15850,2,19,238.85,119.42,302,Inactive
15852,2,187,160.71,80.36,48,Inactive
15853,1,52,110.8,110.8,135,Inactive
15854,12,4,2974.65,247.89,939,Loyal
15855,5,137,712.24,142.45,470,Risk
15856,27,4,16387.57,606.95,11005,VIP
15857,1,19,297.0,297.0,308,Inactive
15858,5,16,1438.85,287.77,1167,Loyal
15860,8,41,977.21,122.15,440,Risk
15861,7,12,3000.36,428.62,2543,Loyal
15862,4,8,832.88,208.22,585,New
15863,2,26,68.84,34.42,19,Inactive
15864,6,22,1936.32,322.72,1192,Risk
15865,3,41,895.13,298.38,368,Inactive
15866,1,101,230.53,230.53,126,Inactive
15867,15,5,3812.64,254.18,2054,Loyal
15869,2,277,149.64,74.82,175,Inactive
15870,1,33,354.09,354.09,335,Inactive
15872,2,15,360.93,180.46,212,New
15874,7,64,4405.88,629.41,2534,Risk
15877,2,2,493.28,246.64,371,New
15880,1,369,343.28,343.28,211,Inactive
15881,4,312,460.59,115.15,212,Inactive
15882,4,199,516.36,129.09,276,Inactive
15883,2,2,396.48,198.24,223,New
15885,3,93,379.35,126.45,111,Inactive
15886,1,60,181.09,181.09,147,Inactive
15888,1,81,168.31,168.31,76,Inactive
15889,2,157,446.87,223.44,215,Inactive
15891,1,227,524.52,524.52,442,Inactive
15894,2,253,263.55,131.78,168,Inactive
15895,1,150,179.17,179.17,94,Inactive
15897,2,194,222.05,111.02,261,Inactive
15898,5,1,1388.88,277.78,570,Loyal
15899,1,369,56.25,56.25,39,Inactive
15900,1,24,351.11,351.11,221,Inactive
15901,3,17,363.88,121.29,384,New
15903,7,10,5126.76,732.39,2410,VIP
15904,1,8,164.68,164.68,84,New
15906,7,20,1567.69,223.96,544,Risk
15907,3,4,967.45,322.48,509,New
15909,1,174,191.94,191.94,98,Inactive
15910,8,1,1232.18,154.02,1015,Loyal
15912,2,178,264.62,132.31,185,Inactive
15916,8,16,1528.09,191.01,757,Loyal
15917,1,248,123.1,123.1,42,Inactive
15918,2,191,334.23,167.12,153,Inactive
15919,2,20,639.89,319.95,545,Inactive
15920,4,154,167.5,41.88,99,Inactive
15921,1,173,336.03,336.03,166,Inactive
15922,1,373,369.5,369.5,138,Inactive
15923,1,373,127.08,127.08,122,Inactive
15925,1,194,207.15,207.15,93,Inactive
15930,1,67,426.63,426.63,139,Inactive
15932,8,4,2495.87,311.98,2325,Loyal
15933,3,21,1107.46,369.15,885,Inactive
15935,2,239,416.86,208.43,115,Inactive
15937,1,64,145.35,145.35,73,Inactive
15938,5,112,404.58,80.92,240,Risk
15939,15,90,6115.01,407.67,4728,Risk
15940,1,311,35.8,35.8,4,Inactive
15942,1,134,337.44,337.44,232,Inactive
15944,1,277,325.1,325.1,50,Inactive
15945,1,365,181.0,181.0,52,Inactive
15947,1,83,1708.24,1708.24,898,Inactive
15948,2,8,955.24,477.62,567,New
15949,2,17,364.72,182.36,284,New
15950,4,32,1765.51,441.38,729,Inactive
15951,2,9,708.22,354.11,313,New
15952,4,34,806.57,201.64,399,Inactive
15953,8,15,1659.38,207.42,892,Loyal
15955,14,24,4416.26,315.45,2135,Risk
15957,1,32,428.89,428.89,211,Inactive
15958,1,74,104.35,104.35,33,Inactive
15963,2,20,470.76,235.38,298,Inactive
15965,4,17,845.64,211.41,453,New
15967,2,23,418.83,209.42,211,Inactive
15969,3,3,666.1,222.03,124,New
15970,1,304,314.1,314.1,116,Inactive
15971,12,18,4199.85,349.99,1717,Loyal
15973,1,367,307.82,307.82,106,Inactive
15974,7,39,3442.15,491.74,2262,Risk
15975,1,84,371.01,371.01,243,Inactive
15976,2,165,430.94,215.47,277,Inactive
15977,2,17,1054.73,527.36,1016,New
15978,1,77,1098.78,1098.78,888,Inactive
15980,3,89,2398.86,799.62,1560,Inactive
15981,8,25,3408.48,426.06,1866,Risk
15983,4,22,1475.02,368.76,892,Inactive
15984,10,3,2837.67,283.77,1843,Loyal
15985,2,123,1142.42,571.21,1086,Inactive
15986,1,30,168.12,168.12,268,Inactive
15987,7,12,1451.28,207.33,1556,Loyal
15988,1,19,158.03,158.03,181,Inactive
15990,2,44,792.11,396.06,443,Inactive
15992,1,4,41.99,41.99,17,New
15993,7,9,2797.57,399.65,2051,Loyal
15994,1,55,427.07,427.07,177,Inactive
15996,6,88,1060.68,176.78,384,Risk
15998,5,37,3089.97,617.99,2041,Risk
16000,3,3,12393.7,4131.23,5110,New
16003,5,30,2735.37,547.07,1185,Risk
16005,4,12,615.39,153.85,300,New
16006,1,211,101.4,101.4,84,Inactive
16007,4,48,1701.94,425.48,1393,Inactive
16008,3,24,478.78,159.59,323,Inactive
16009,4,22,992.71,248.18,378,Inactive
16010,3,246,407.5,135.83,210,Inactive
16011,16,8,3362.71,210.17,2042,Loyal
16012,3,35,1415.29,471.76,799,Inactive
16013,46,4,35639.6,774.77,14736,VIP
16014,3,38,662.38,220.79,265,Inactive
16015,3,4,705.39,235.13,909,New
16016,8,3,1508.76,188.6,620,Loyal
16017,1,47,211.88,211.88,102,Inactive
16018,2,39,408.9,204.45,190,Inactive
16019,9,47,3786.24,420.69,1733,Risk
16020,3,17,851.01,283.67,487,New
16022,1,260,628.28,628.28,261,Inactive
16023,3,46,719.81,239.94,358,Inactive
16024,1,12,251.24,251.24,398,New
16025,1,30,439.66,439.66,338,Inactive
16026,1,43,236.09,236.09,243,Inactive
16027,6,92,934.62,155.77,1147,Risk
16029,59,39,71223.24,1207.17,33884,Risk
16030,1,310,331.24,331.24,283,Inactive
16031,2,92,548.94,274.47,423,Inactive
16033,20,6,8816.4,440.82,3539,VIP
16034,3,196,437.7,145.9,242,Inactive
16036,2,87,758.92,379.46,716,Inactive
16037,3,270,855.02,285.01,428,Inactive
16038,3,8,471.78,157.26,244,New
16040,3,65,1313.55,437.85,684,Inactive
16041,3,31,3166.4,1055.47,1584,Inactive
16042,5,22,1197.27,239.45,755,Risk
16043,4,38,773.99,193.5,503,Inactive
16045,4,120,1340.7,335.18,897,Inactive
16048,2,373,256.44,128.22,144,Inactive
16049,3,40,1111.79,370.6,793,Inactive
16050,1,174,137.9,137.9,278,Inactive
16052,1,54,362.06,362.06,282,Inactive
16053,2,33,1511.95,755.98,1793,Inactive
16054,1,145,783.9,783.9,380,Inactive
16055,1,221,134.8,134.8,22,Inactive
16056,1,45,664.85,664.85,347,Inactive
16057,7,16,2263.12,323.3,863,Loyal
16059,6,66,1459.86,243.31,643,Risk
16062,4,10,1153.62,288.4,800,New
16063,1,260,335.32,335.32,262,Inactive
16065,1,365,372.09,372.09,231,Inactive
16066,5,17,1521.87,304.37,936,Loyal
16070,2,22,852.15,426.08,457,Inactive
16071,1,45,326.24,326.24,180,Inactive
16072,1,288,584.32,584.32,140,Inactive
16073,1,297,122.4,122.4,48,Inactive
16076,10,3,2234.73,223.47,1435,Loyal
16078,1,284,79.2,79.2,16,Inactive
16079,3,17,1352.0,450.67,864,New
16080,2,82,217.16,108.58,128,Inactive
16081,5,56,2806.9,561.38,1477,Risk
16083,2,101,1317.62,658.81,908,Inactive
16084,1,299,436.18,436.18,216,Inactive
16085,5,23,981.51,196.3,636,Risk
16086,5,59,1121.39,224.28,511,Risk
16091,2,155,315.06,157.53,154,Inactive
16092,3,115,817.86,272.62,628,Inactive
16093,1,107,17.0,17.0,20,Inactive
16094,4,12,1078.23,269.56,647,New
16096,1,264,320.62,320.62,155,Inactive
16097,1,240,185.05,185.05,87,Inactive
16098,7,88,2005.63,286.52,613,Risk
16099,3,50,731.9,243.97,434,Inactive
16101,1,71,1290.7,1290.7,757,Inactive
16102,3,42,1842.14,614.05,942,Inactive
16103,6,7,1429.64,238.27,558,Loyal
16104,1,62,302.36,302.36,123,Inactive
16105,1,249,336.96,336.96,330,Inactive
16106,1,66,108.38,108.38,74,Inactive
16107,7,18,3204.16,457.74,1176,VIP
16108,1,85,842.5,842.5,615,Inactive
16109,2,219,611.88,305.94,612,Inactive
16110,3,45,1337.48,445.83,733,Inactive
16112,4,143,195.74,48.94,574,Inactive
16113,1,183,161.38,161.38,176,Inactive
16114,1,171,135.75,135.75,43,Inactive
16115,8,10,1667.97,208.5,1001,Loyal
16116,1,212,612.78,612.78,248,Inactive
16117,1,190,232.21,232.21,130,Inactive
16119,2,8,423.36,211.68,240,New
16120,4,59,1309.14,327.29,878,Inactive
16121,2,57,867.11,433.56,586,Inactive
16122,4,73,684.42,171.1,1128,Inactive
16123,1,52,307.78,307.78,170,Inactive
16124,1,317,249.0,249.0,48,Inactive
16125,1,367,289.35,289.35,124,Inactive
16126,4,29,6287.77,1571.94,2125,Inactive
16127,1,39,656.25,656.25,323,Inactive
16128,5,18,1880.22,376.04,988,Loyal
16131,6,52,3506.54,584.42,1802,Risk
16133,32,4,14509.84,453.43,8839,VIP
16134,2,22,618.09,309.04,371,Inactive
16135,1,263,517.55,517.55,209,Inactive
16136,3,60,709.38,236.46,440,Inactive
16139,3,19,635.41,211.8,330,Inactive
16140,2,66,725.18,362.59,730,Inactive
16141,1,88,620.4,620.4,238,Inactive
16142,1,250,535.34,535.34,422,Inactive
16143,6,3,2424.94,404.16,919,Loyal
16144,1,247,175.2,175.2,16,Inactive
16145,11,9,3799.49,345.41,3123,Loyal
16146,3,157,734.13,244.71,427,Inactive
16147,1,134,375.0,375.0,246,Inactive
16148,1,296,76.32,76.32,72,Inactive
16149,2,5,280.52,140.26,308,New
16150,5,43,2053.02,410.6,1047,Risk
16152,1,269,1829.04,1829.04,642,Inactive
16153,5,50,1824.23,364.85,1073,Risk
16156,9,9,3122.04,346.89,1308,Loyal
16157,3,16,656.69,218.9,347,New
16159,1,282,348.2,348.2,236,Inactive
16160,2,65,1025.44,512.72,1162,Inactive
16161,19,2,5575.56,293.45,2599,Loyal
16162,1,252,37.4,37.4,4,Inactive
16163,1,365,441.6,441.6,92,Inactive
16164,3,17,822.48,274.16,433,New
16168,27,11,3787.6,140.28,1892,Loyal
16169,4,8,1822.97,455.74,1325,New
16170,6,51,1885.05,314.18,1770,Risk
16171,1,59,73.2,73.2,24,Inactive
16172,5,95,1140.21,228.04,787,Risk
16173,6,16,1418.32,236.39,575,Loyal
16174,3,126,1009.55,336.52,651,Inactive
16175,4,94,1037.59,259.4,533,Inactive
16177,1,50,331.95,331.95,95,Inactive
16178,1,138,197.9,197.9,94,Inactive
16179,1,61,215.83,215.83,99,Inactive
16180,8,100,10254.18,1281.77,5867,Risk
16181,1,73,305.54,305.54,152,Inactive
16182,4,72,6617.65,1654.41,3791,Inactive
16183,1,67,338.71,338.71,113,Inactive
16184,6,64,1158.79,193.13,561,Risk
16185,2,17,529.41,264.7,260,New
16186,12,23,4006.94,333.91,3020,Risk
16187,15,32,6911.44,460.76,5048,Risk
16188,4,45,981.86,245.46,782,Inactive
16189,2,16,215.48,107.74,134,New
16190,1,40,215.08,215.08,88,Inactive
16191,13,3,5180.52,398.5,3351,Loyal
16193,1,237,314.45,314.45,219,Inactive
16198,1,75,400.68,400.68,129,Inactive
16200,2,4,1080.62,540.31,523,New
16201,4,3,1863.47,465.87,1286,New
16202,1,361,365.27,365.27,191,Inactive
16203,4,59,592.9,148.22,262,Inactive
16204,1,23,405.71,405.71,231,Inactive
16205,4,31,761.38,190.34,517,Inactive
16206,4,55,537.06,134.26,272,Inactive
16207,1,25,394.38,394.38,140,Inactive
16208,2,45,664.26,332.13,333,Inactive
16209,5,89,2262.62,452.52,1179,Risk
16210,18,2,21086.3,1171.46,7559,VIP
16211,1,89,547.02,547.02,154,Inactive
16212,2,19,690.34,345.17,244,Inactive
16213,1,79,159.0,159.0,48,Inactive
16214,3,171,1062.75,354.25,420,Inactive
16215,1,81,242.35,242.35,104,Inactive
16216,1,267,914.93,914.93,254,Inactive
16217,2,235,304.25,152.12,91,Inactive
16218,7,30,3084.68,440.67,2088,Risk
16221,3,37,864.86,288.29,717,Inactive
16222,1,318,846.72,846.72,365,Inactive
16224,4,57,1295.3,323.83,1116,Inactive
16225,5,45,1096.32,219.26,493,Risk
16226,3,203,255.12,85.04,192,Inactive
16227,1,225,314.22,314.22,90,Inactive
16229,2,87,1010.6,505.3,318,Inactive
16230,2,190,542.03,271.02,365,Inactive
16232,4,44,990.88,247.72,550,Inactive
16233,3,71,536.68,178.89,174,Inactive
16235,5,41,867.31,173.46,330,Risk
16236,1,78,432.2,432.2,184,Inactive
16239,2,57,414.2,207.1,228,Inactive
16240,2,24,3718.8,1859.4,1641,Inactive
16241,13,10,2607.87,200.61,1453,Loyal
16242,7,8,3603.21,514.74,1982,VIP
16243,2,34,409.1,204.55,110,Inactive
16244,2,212,1522.75,761.38,855,Inactive
16245,3,24,1413.66,471.22,1014,Inactive
16247,1,170,114.56,114.56,182,Inactive
16248,1,62,152.94,152.94,78,Inactive
16249,5,53,1800.07,360.01,950,Risk
16250,2,261,389.44,194.72,208,Inactive
16253,2,67,3683.86,1841.93,3233,Inactive
16255,8,17,2619.91,327.49,1767,Loyal
16256,1,267,752.43,752.43,581,Inactive
16257,1,177,46.95,46.95,2,Inactive
16258,5,45,5203.51,1040.7,2994,Risk
16260,1,51,1035.45,1035.45,311,Inactive
16261,4,17,746.83,186.71,306,New
16265,9,9,5447.0,605.22,2646,VIP
16266,7,74,861.89,123.13,398,Risk
16268,2,71,667.65,333.82,533,Inactive
16270,1,353,1141.24,1141.24,688,Inactive
16271,5,3,1429.24,285.85,1038,Loyal
16272,1,117,411.7,411.7,224,Inactive
16274,1,373,357.95,357.95,155,Inactive
16275,1,197,559.87,559.87,336,Inactive
16276,1,177,810.6,810.6,420,Inactive
16278,1,100,566.38,566.38,114,Inactive
16279,3,21,1509.58,503.19,1054,Inactive
16281,1,72,2062.06,2062.06,934,Inactive
16282,1,340,168.3,168.3,114,Inactive
16283,5,6,1570.81,314.16,1236,Loyal
16284,2,31,823.97,411.98,544,Inactive
16287,1,170,142.5,142.5,298,Inactive
16292,1,122,302.25,302.25,191,Inactive
16293,10,22,2248.99,224.9,982,Risk
16295,4,10,1328.55,332.14,841,New
16297,1,269,301.9,301.9,206,Inactive
16298,3,23,598.2,199.4,198,Inactive
16302,1,127,233.22,233.22,158,Inactive
16303,3,26,5360.63,1786.88,2659,Inactive
16305,1,139,361.22,361.22,256,Inactive
16306,6,214,632.27,105.38,487,Risk
16308,4,38,2560.0,640.0,8000,Inactive
16309,2,106,706.57,353.28,467,Inactive
16311,2,18,616.26,308.13,394,New
16313,2,3,274.15,137.07,165,New
16315,1,331,226.37,226.37,75,Inactive
16316,7,64,2921.21,417.32,1478,Risk
16317,3,120,1341.65,447.22,890,Inactive
16318,1,35,328.15,328.15,199,Inactive
16319,1,218,404.4,404.4,72,Inactive
16320,2,172,1038.46,519.23,732,Inactive
16321,3,72,230.7,76.9,78,Inactive
16322,2,1,326.75,163.38,231,New
16323,1,196,207.5,207.5,50,Inactive
16324,3,128,428.68,142.89,282,Inactive
16325,3,47,594.24,198.08,194,Inactive
16326,14,6,3110.96,222.21,709,Loyal
16327,6,14,3844.22,640.7,2571,VIP
16330,3,18,251.91,83.97,147,New
16332,7,28,1593.2,227.6,801,Risk
16333,22,8,26626.8,1210.31,32184,VIP
16337,1,37,151.05,151.05,87,Inactive
16338,1,157,214.8,214.8,94,Inactive
16339,1,284,109.95,109.95,23,Inactive
16340,1,107,549.07,549.07,501,Inactive
16341,4,25,1971.87,492.97,1398,Inactive
16342,4,75,322.41,80.6,157,Inactive
16343,2,16,370.48,185.24,195,New
16344,1,158,101.1,101.1,18,Inactive
16345,1,44,575.41,575.41,289,Inactive
16347,2,11,887.65,443.83,353,New
16348,7,32,1469.45,209.92,819,Risk
16349,1,291,53.5,53.5,9,Inactive
16350,4,21,1116.47,279.12,545,Inactive
16351,1,333,153.9,153.9,90,Inactive
16352,2,18,494.44,247.22,300,New
16353,23,4,6675.71,290.25,2006,Loyal
16354,2,63,395.8,197.9,150,Inactive
16356,3,198,211.77,70.59,93,Inactive
16357,3,33,658.88,219.63,246,Inactive
16358,4,1,2027.5,506.88,1302,New
16359,9,7,1750.92,194.55,1183,Loyal
16360,6,5,3512.53,585.42,2144,VIP
16361,4,10,896.66,224.16,421,New
16362,5,32,734.77,146.95,351,Risk
16363,1,53,109.36,109.36,52,Inactive
16364,2,12,707.04,353.52,280,New
16365,9,18,1540.42,171.16,504,Loyal
16366,1,19,327.3,327.3,256,Inactive
16367,2,37,804.49,402.24,647,Inactive
16368,2,2,497.43,248.72,260,New
16369,3,18,1553.66,517.89,1035,New
16370,4,82,1320.56,330.14,647,Inactive
16372,2,33,367.93,183.96,166,Inactive
16374,2,66,473.03,236.52,240,Inactive
16376,2,9,987.01,493.5,694,New
16377,1,267,676.2,676.2,1500,Inactive
16378,3,247,362.95,120.98,267,Inactive
16379,4,4,2157.4,539.35,1410,New
16380,1,61,1780.59,1780.59,1524,Inactive
16383,2,75,668.36,334.18,475,Inactive
16384,2,90,584.5,292.25,260,Inactive
16385,3,60,555.89,185.3,261,Inactive
16386,2,29,317.2,158.6,224,Inactive
16387,1,323,94.36,94.36,44,Inactive
16389,4,53,1382.07,345.52,1242,Inactive
16392,1,270,221.19,221.19,203,Inactive
16393,13,2,3046.21,234.32,1576,Loyal
16394,5,57,1555.34,311.07,2604,Risk
16395,5,61,1486.9,297.38,1476,Risk
16398,2,154,1705.8,852.9,758,Inactive
16399,2,19,408.57,204.28,264,Inactive
16400,1,95,303.93,303.93,172,Inactive
16401,12,1,4098.32,341.53,3882,Loyal
16402,2,265,299.6,149.8,149,Inactive
16403,1,312,177.5,177.5,114,Inactive
16404,1,70,443.05,443.05,157,Inactive
16405,2,302,167.25,83.62,187,Inactive
16406,1,19,163.07,163.07,122,Inactive
16407,10,13,2126.93,212.69,1124,Loyal
16409,5,36,2028.88,405.78,1306,Risk
16411,2,19,214.65,107.32,132,Inactive
16412,1,54,151.83,151.83,73,Inactive
16413,1,57,262.2,262.2,148,Inactive
16414,2,22,126.25,63.12,27,Inactive
16415,1,44,210.35,210.35,187,Inactive
16416,3,27,1051.4,350.47,672,Inactive
16418,3,45,675.27,225.09,288,Inactive
16419,6,113,972.23,162.04,436,Risk
16422,49,17,34565.0,705.41,33652,VIP
16423,1,25,346.12,346.12,230,Inactive
16424,1,191,133.56,133.56,88,Inactive
16425,1,302,302.7,302.7,199,Inactive
16426,10,2,1908.25,190.82,1243,Loyal
16427,2,263,241.06,120.53,156,Inactive
16429,1,106,284.55,284.55,9,Inactive
16430,1,57,300.85,300.85,103,Inactive
16431,3,213,642.81,214.27,453,Inactive
16432,1,64,287.4,287.4,276,Inactive
16433,1,28,184.26,184.26,106,Inactive
16434,7,29,1522.25,217.46,767,Risk
16438,5,6,798.35,159.67,463,Loyal
16440,5,8,3640.67,728.13,2018,VIP
16441,2,67,381.2,190.6,173,Inactive
16442,3,2,616.79,205.6,446,New
16444,4,46,654.67,163.67,407,Inactive
16445,1,34,230.51,230.51,111,Inactive
16446,1,206,2.9,2.9,2,Inactive
16447,1,136,259.01,259.01,223,Inactive
16448,1,198,188.89,188.89,78,Inactive
16449,2,198,707.69,353.84,367,Inactive
16450,1,150,311.92,311.92,200,Inactive
16451,1,88,266.97,266.97,120,Inactive
16454,2,45,6.9,3.45,3,Inactive
16455,7,64,1841.18,263.03,988,Risk
16456,5,99,2158.37,431.67,1148,Risk
16457,1,218,208.36,208.36,140,Inactive
16458,18,3,3482.74,193.49,2154,Loyal
16460,3,28,814.72,271.57,879,Inactive
16461,1,178,151.42,151.42,49,Inactive
16462,2,74,102.0,51.0,12,Inactive
16463,4,21,1422.4,355.6,1163,Inactive
16464,3,20,1314.68,438.23,963,Inactive
16466,7,34,1603.46,229.07,789,Risk
16468,1,74,74.9,74.9,31,Inactive
16469,4,24,650.43,162.61,273,Inactive
16470,4,52,762.39,190.6,531,Inactive
16471,1,275,223.95,223.95,141,Inactive
16473,3,165,316.11,105.37,196,Inactive
16474,7,7,1871.5,267.36,943,Loyal
16475,4,88,544.3,136.07,319,Inactive
16477,7,64,2494.46,356.35,1415,Risk
16478,3,25,331.0,110.33,224,Inactive
16479,2,10,300.83,150.42,102,New
16480,1,76,769.29,769.29,455,Inactive
16482,1,16,220.62,220.62,346,New
16483,1,192,139.35,139.35,44,Inactive
16484,2,174,404.3,202.15,200,Inactive
16485,1,77,363.65,363.65,235,Inactive
16488,3,33,498.8,166.27,728,Inactive
16491,1,47,731.5,731.5,478,Inactive
16493,4,80,1351.63,337.91,1164,Inactive
16494,1,297,826.53,826.53,675,Inactive
16495,3,3,684.41,228.14,337,New
16496,3,9,1599.52,533.17,1111,New
16497,6,50,2965.69,494.28,1396,Risk
16498,2,161,100.97,50.48,45,Inactive
16499,2,360,365.45,182.73,127,Inactive
16500,6,5,400.86,66.81,123,Loyal
16503,4,107,1431.93,357.98,569,Inactive
16504,1,25,484.38,484.38,524,Inactive
16505,1,32,777.6,777.6,576,Inactive
16506,2,20,90.3,45.15,42,Inactive
16509,1,297,363.7,363.7,64,Inactive
16510,1,372,248.1,248.1,92,Inactive
16511,3,22,950.26,316.75,417,Inactive
16513,4,5,874.59,218.65,407,New
16515,5,52,1627.13,325.43,833,Risk
16516,1,30,101.7,101.7,58,Inactive
16517,1,277,162.7,162.7,96,Inactive
16518,2,61,484.32,242.16,327,Inactive
16519,2,25,215.08,107.54,54,Inactive
16520,3,186,1046.57,348.86,558,Inactive
16523,21,2,9418.47,448.5,4265,VIP
16525,24,2,12045.33,501.89,6637,VIP
16526,1,172,290.36,290.36,106,Inactive
16527,1,81,228.06,228.06,106,Inactive
16528,1,4,244.41,244.41,171,New
16529,1,190,455.25,455.25,198,Inactive
16531,7,22,1244.59,177.8,915,Risk
16532,3,18,6748.8,2249.6,2016,New
16533,3,19,1095.56,365.19,612,Inactive
16535,1,5,593.75,593.75,356,New
16536,1,110,548.97,548.97,251,Inactive
16539,4,3,1388.81,347.2,477,New
16542,1,54,119.62,119.62,46,Inactive
16545,1,165,339.3,339.3,78,Inactive
16546,2,291,787.15,393.58,549,Inactive
16549,10,10,4154.64,415.46,2365,Loyal
16550,5,109,2298.97,459.79,1540,Risk
16551,3,96,922.12,307.37,970,Inactive
16552,2,243,379.73,189.87,219,Inactive
16553,12,163,5719.82,476.65,4600,Risk
16554,3,42,837.1,279.03,402,Inactive
16555,2,35,285.89,142.94,175,Inactive
16556,7,67,3313.79,473.4,1890,Risk
16557,2,24,281.85,140.93,111,Inactive
16558,20,1,8338.49,416.92,5377,Loyal
16560,2,27,841.41,420.71,500,Inactive
16561,2,6,511.12,255.56,244,New
16563,1,54,1077.74,1077.74,486,Inactive
16565,1,364,173.7,173.7,46,Inactive
16566,5,15,614.66,122.93,362,Loyal
16567,2,194,865.6,432.8,996,Inactive
16569,1,3,124.2,124.2,93,New
16570,10,15,3738.4,373.84,2112,Loyal
16571,3,27,1421.69,473.9,1239,Inactive
16572,3,127,1009.6,336.53,532,Inactive
16573,2,85,663.61,331.8,360,Inactive
16574,1,71,451.44,451.44,416,Inactive
16581,1,183,105.84,105.84,134,Inactive
16582,1,113,313.62,313.62,164,Inactive
16583,1,374,233.45,233.45,111,Inactive
16584,2,80,936.08,468.04,646,Inactive
16586,1,249,463.95,463.95,95,Inactive
16587,1,232,225.15,225.15,71,Inactive
16589,3,71,459.24,153.08,368,Inactive
16591,1,69,213.5,213.5,41,Inactive
16592,16,4,4113.68,257.1,2927,Loyal
16593,3,51,330.03,110.01,116,Inactive
16594,1,75,181.09,181.09,64,Inactive
16595,1,61,360.16,360.16,335,Inactive
16596,2,16,250.15,125.08,97,New
16597,1,4,90.04,90.04,184,New
16598,1,286,145.05,145.05,73,Inactive
16600,6,4,813.52,135.59,1145,Loyal
16601,1,41,244.8,244.8,134,Inactive
16602,1,36,528.08,528.08,336,Inactive
16603,2,75,482.47,241.24,480,Inactive
16607,13,18,3333.67,256.44,2823,Loyal
16609,7,15,5493.46,784.78,2420,VIP
16610,1,219,75.66,75.66,66,Inactive
16611,1,186,129.49,129.49,47,Inactive
16612,4,33,1187.66,296.92,506,Inactive
16613,1,70,618.59,618.59,293,Inactive
16614,1,183,506.19,506.19,223,Inactive
16616,2,15,500.42,250.21,370,New
16617,1,236,151.85,151.85,91,Inactive
16618,4,31,2630.64,657.66,1362,Inactive
16619,1,264,226.21,226.21,133,Inactive
16620,2,4,178.96,89.48,88,New
16621,4,52,813.48,203.37,302,Inactive
16623,1,246,129.45,129.45,39,Inactive
16624,2,81,810.57,405.28,488,Inactive
16625,1,275,333.08,333.08,164,Inactive
16626,17,1,4413.1,259.59,2690,Loyal
16627,1,79,322.8,322.8,162,Inactive
16628,5,30,2188.05,437.61,1205,Risk
16629,2,74,417.73,208.86,493,Inactive
16633,6,17,2883.1,480.52,1138,VIP
16634,2,223,217.9,108.95,82,Inactive
16637,4,32,1154.47,288.62,927,Inactive
16638,10,23,1680.72,168.07,1255,Risk
16639,3,31,1257.51,419.17,510,Inactive
16641,1,106,231.1,231.1,256,Inactive
16642,2,5,688.33,344.16,479,New
16643,1,246,487.51,487.51,269,Inactive
16644,2,178,833.78,416.89,826,Inactive
16647,2,170,214.06,107.03,146,Inactive
16648,1,43,290.66,290.66,281,Inactive
16650,1,72,518.42,518.42,372,Inactive
16652,7,59,6773.97,967.71,3283,Risk
16653,2,16,1212.66,606.33,733,New
16654,4,141,601.27,150.32,282,Inactive
16655,6,18,3794.52,632.42,2367,VIP
16656,15,22,8625.8,575.05,8894,Risk
16657,4,10,933.62,233.4,1229,New
16658,1,368,123.24,123.24,40,Inactive
16659,1,189,39.12,39.12,72,Inactive
16660,3,16,810.45,270.15,451,New
16665,1,362,135.4,135.4,59,Inactive
16666,1,19,118.98,118.98,233,Inactive
16667,2,68,570.13,285.06,237,Inactive
16668,6,15,306.72,51.12,318,Loyal
16669,3,24,1374.87,458.29,888,Inactive
16670,11,17,4095.9,372.35,2556,Loyal
16671,3,28,1692.27,564.09,875,Inactive
16672,20,2,8134.94,406.75,2832,Loyal
16674,2,55,319.61,159.8,188,Inactive
16676,4,34,1592.12,398.03,636,Inactive
16678,12,3,3109.99,259.17,2397,Loyal
16679,1,366,129.75,129.75,29,Inactive
16680,1,43,183.7,183.7,94,Inactive
16681,6,73,1770.34,295.06,1407,Risk
16682,5,5,1028.0,205.6,1040,Loyal
16684,28,4,66653.56,2380.48,50255,VIP
16685,2,61,324.24,162.12,396,Inactive
16686,7,47,3062.83,437.55,2030,Risk
16688,4,1,1260.86,315.21,804,New
16689,2,76,422.6,211.3,330,Inactive
16690,2,72,225.58,112.79,138,Inactive
16692,2,256,1276.0,638.0,152,Inactive
16693,2,69,482.01,241.0,204,Inactive
16696,4,135,657.9,164.48,146,Inactive
16697,1,241,112.75,112.75,27,Inactive
16698,2,227,1998.0,999.0,840,Inactive
16700,13,9,5076.55,390.5,4024,Loyal
16701,13,9,5398.3,415.25,6393,Loyal
16705,20,1,14034.99,701.75,5476,VIP
16706,3,37,531.35,177.12,249,Inactive
16708,1,46,656.63,656.63,285,Inactive
16709,5,85,3029.87,605.97,851,Risk
16710,10,19,2483.04,248.3,1836,Risk
16711,5,3,1651.03,330.21,833,Loyal
16712,11,9,3645.43,331.4,1749,Loyal
16713,15,19,6923.13,461.54,4276,Risk
16714,3,219,1161.53,387.18,610,Inactive
16715,1,78,301.72,301.72,642,Inactive
16716,2,267,901.2,450.6,120,Inactive
16717,5,24,3327.91,665.58,1579,Risk
16718,1,369,623.75,623.75,413,Inactive
16719,7,15,1790.42,255.77,1204,Loyal
16720,1,26,155.24,155.24,182,Inactive
16721,1,262,292.47,292.47,172,Inactive
16722,13,17,4730.81,363.91,5001,Loyal
16723,2,91,589.15,294.58,399,Inactive
16725,7,302,781.02,111.57,294,Risk
16726,5,26,1382.02,276.4,977,Risk
16727,1,364,272.82,272.82,177,Inactive
16728,4,46,1054.67,263.67,677,Inactive
16729,21,38,7239.92,344.76,5783,Risk
16730,3,52,743.11,247.7,994,Inactive
16732,1,32,603.75,603.75,317,Inactive
16734,3,52,650.51,216.84,346,Inactive
16735,5,79,2300.56,460.11,1573,Risk
16737,1,53,417.6,417.6,288,Inactive
16738,1,298,3.75,3.75,3,Inactive
16739,1,177,323.0,323.0,172,Inactive
16742,1,47,464.9,464.9,1,Inactive
16743,7,29,2238.09,319.73,2047,Risk
16744,7,11,1304.76,186.39,805,Loyal
16745,17,87,7194.3,423.19,6735,Risk
16746,18,5,6697.66,372.09,4665,Loyal
16747,2,38,836.06,418.03,583,Inactive
16748,5,18,1515.9,303.18,880,Loyal
16750,5,45,623.93,124.79,214,Risk
16751,1,31,1764.72,1764.72,1031,Inactive
16752,1,373,207.5,207.5,54,Inactive
16753,1,58,223.92,223.92,189,Inactive
16754,1,372,2002.4,2002.4,4280,Inactive
16755,3,114,1496.83,498.94,1064,Inactive
16756,1,215,239.4,239.4,106,Inactive
16757,1,319,106.83,106.83,81,Inactive
16758,1,65,369.34,369.34,203,Inactive
16759,3,8,789.79,263.26,609,New
16761,1,97,316.62,316.62,341,Inactive
16762,3,20,1501.38,500.46,618,Inactive
16763,1,199,611.85,611.85,319,Inactive
16764,13,4,2799.25,215.33,1259,Loyal
16765,1,294,34.0,34.0,4,Inactive
16766,2,273,1145.6,572.8,536,Inactive
16767,11,31,5580.6,507.33,4435,Risk
16768,3,48,478.09,159.36,196,Inactive
16769,1,260,380.39,380.39,83,Inactive
16770,5,58,770.1,154.02,464,Risk
16771,5,33,2246.81,449.36,1489,Risk
16773,1,57,171.59,171.59,171,Inactive
16774,4,68,661.52,165.38,322,Inactive
16775,11,10,1695.66,154.15,440,Loyal
16776,1,60,388.28,388.28,262,Inactive
16777,2,80,226.35,113.18,64,Inactive
16778,2,74,245.94,122.97,194,Inactive
16779,22,2,10629.72,483.17,5325,VIP
16780,2,100,425.19,212.6,271,Inactive
16781,1,372,311.25,311.25,113,Inactive
16782,13,10,2279.9,175.38,712,Loyal
16784,1,20,107.6,107.6,24,Inactive
16788,2,123,597.48,298.74,311,Inactive
16789,1,8,80.8,80.8,32,New
16790,6,4,1545.62,257.6,898,Loyal
16791,7,29,1721.78,245.97,763,Risk
16792,2,282,110.38,55.19,44,Inactive
16793,1,57,243.84,243.84,146,Inactive
16794,10,1,1222.71,122.27,937,Loyal
16795,1,365,414.88,414.88,239,Inactive
16796,1,89,305.62,305.62,186,Inactive
16800,1,11,1201.49,1201.49,540,New
16801,3,163,867.83,289.28,313,Inactive
16803,1,65,332.3,332.3,245,Inactive
16804,3,23,536.99,179.0,246,Inactive
16805,2,174,460.59,230.3,539,Inactive
16806,4,103,801.49,200.37,378,Inactive
16807,3,143,1121.59,373.86,778,Inactive
16808,2,99,288.42,144.21,196,Inactive
16809,5,23,914.69,182.94,652,Risk
16810,1,192,309.54,309.54,114,Inactive
16811,2,5,547.07,273.53,477,New
16812,1,361,479.35,479.35,81,Inactive
16813,10,8,1692.98,169.3,1525,Loyal
16814,21,14,6509.1,309.96,2769,Loyal
16816,4,103,417.06,104.26,274,Inactive
16817,9,3,1604.75,178.31,822,Loyal
16818,11,11,3349.57,304.51,2164,Loyal
16820,1,96,497.61,497.61,307,Inactive
16823,1,227,358.38,358.38,136,Inactive
16824,2,16,460.64,230.32,236,New
16825,2,39,775.18,387.59,566,Inactive
16826,1,51,341.7,341.7,158,Inactive
16828,2,93,128.5,64.25,59,Inactive
16829,1,157,197.22,197.22,99,Inactive
16830,1,39,325.91,325.91,264,Inactive
16832,3,184,199.15,66.38,33,Inactive
16833,4,1,1106.53,276.63,440,New
16834,1,228,413.46,413.46,358,Inactive
16835,2,128,180.85,90.42,61,Inactive
16836,2,40,251.87,125.94,165,Inactive
16837,11,31,3170.98,288.27,1563,Risk
16838,2,197,588.85,294.42,185,Inactive
16839,34,9,16594.35,488.07,8975,VIP
16841,6,37,1869.82,311.64,2250,Risk
16842,3,101,1264.19,421.4,693,Inactive
16843,16,43,10196.57,637.29,10159,Risk
16846,1,50,214.32,214.32,135,Inactive
16847,1,43,193.44,193.44,78,Inactive
16848,1,53,281.42,281.42,182,Inactive
16849,1,187,124.57,124.57,33,Inactive
16850,1,334,332.41,332.41,249,Inactive
16851,3,4,342.45,114.15,271,New
16852,2,10,144.91,72.46,56,New
16855,2,24,328.4,164.2,164,Inactive
16856,1,15,35.4,35.4,12,New
16858,1,369,375.69,375.69,91,Inactive
16859,2,145,747.81,373.9,827,Inactive
16861,2,60,173.76,86.88,140,Inactive
16863,2,31,502.8,251.4,409,Inactive
16866,3,141,207.74,69.25,60,Inactive
16869,4,23,825.42,206.36,585,Inactive
16871,6,22,2812.34,468.72,1253,Risk
16872,3,77,680.02,226.67,600,Inactive
16873,6,5,7123.62,1187.27,3840,VIP
16875,5,67,2095.53,419.11,1069,Risk
16877,6,12,853.72,142.29,463,Loyal
16880,7,31,1519.08,217.01,753,Risk
16881,1,67,432.0,432.0,600,Inactive
16882,3,67,705.12,235.04,424,Inactive
16883,2,187,276.73,138.36,104,Inactive
16884,2,38,429.84,214.92,320,Inactive
16885,3,15,471.51,157.17,184,New
16887,1,35,194.88,194.88,157,Inactive
16889,3,195,1578.67,526.22,925,Inactive
16891,5,2,809.7,161.94,283,Loyal
16892,5,1,525.54,105.11,239,Loyal
16893,1,367,145.93,145.93,62,Inactive
16895,1,65,219.14,219.14,102,Inactive
16897,1,314,213.03,213.03,58,Inactive
16898,3,26,508.81,169.6,419,Inactive
16899,6,8,1281.56,213.59,522,Loyal
16900,3,17,887.11,295.7,833,New
16902,1,116,1706.88,1706.88,629,Inactive
16903,1,29,373.24,373.24,262,Inactive
16904,16,4,3754.27,234.64,2034,Loyal
16905,7,5,3102.43,443.2,1408,VIP
16906,4,82,579.77,144.94,281,Inactive
16907,5,29,981.65,196.33,298,Risk
16909,1,72,379.14,379.14,436,Inactive
16910,8,4,1510.06,188.76,886,Loyal
16912,11,29,2575.38,234.13,1029,Risk
16913,1,290,113.44,113.44,82,Inactive
16914,1,36,208.46,208.46,121,Inactive
16915,6,9,621.68,103.61,132,Loyal
16916,2,24,576.26,288.13,440,Inactive
16917,1,277,391.52,391.52,232,Inactive
16918,6,50,1068.82,178.14,721,Risk
16919,11,156,2596.45,236.04,1413,Risk
16921,1,61,169.79,169.79,171,Inactive
16923,18,12,7117.61,395.42,3377,Loyal
16924,3,21,846.75,282.25,493,Inactive
16926,1,371,230.25,230.25,35,Inactive
16927,3,116,543.05,181.02,993,Inactive
16928,17,80,2847.6,167.51,2114,Risk
16929,7,4,1295.39,185.06,929,Loyal
16930,3,26,380.55,126.85,341,Inactive
16931,21,5,4604.22,219.25,3158,Loyal
16932,1,53,161.94,161.94,87,Inactive
16933,2,1,563.23,281.62,288,New
16934,2,55,950.93,475.46,399,Inactive
16936,1,26,262.68,262.68,173,Inactive
16938,4,9,2736.38,684.1,2540,New
16940,3,52,3049.88,1016.63,2169,Inactive
16942,9,13,1920.59,213.4,811,Loyal
16943,3,212,816.73,272.24,145,Inactive
16945,19,22,4345.5,228.71,2725,Risk
16947,1,236,406.48,406.48,312,Inactive
16948,3,139,435.02,145.01,1614,Inactive
16949,6,4,1286.27,214.38,791,Loyal
16950,3,57,1178.56,392.85,644,Inactive
16951,2,137,1262.75,631.38,1306,Inactive
16952,2,109,167.61,83.8,92,Inactive
16953,1,30,20.8,20.8,10,Inactive
16954,9,1,2085.08,231.68,1054,Loyal
16955,4,185,518.67,129.67,266,Inactive
16956,1,18,308.74,308.74,114,New
16957,2,239,416.64,208.32,172,Inactive
16959,1,87,117.35,117.35,49,Inactive
16960,3,39,507.05,169.02,304,Inactive
16961,1,116,234.17,234.17,125,Inactive
16963,1,187,110.55,110.55,35,Inactive
16965,1,227,201.19,201.19,291,Inactive
16966,7,8,2154.97,307.85,1981,Loyal
16967,1,189,319.02,319.02,333,Inactive
16968,2,4,439.43,219.72,326,New
16969,3,39,650.41,216.8,816,Inactive
16971,1,38,357.21,357.21,72,Inactive
16976,1,267,251.52,251.52,88,Inactive
16978,1,78,344.33,344.33,166,Inactive
16979,6,4,1852.0,308.67,865,Loyal
16980,2,255,1078.96,539.48,788,Inactive
16982,1,61,384.06,384.06,182,Inactive
16983,7,13,1931.25,275.89,1379,Loyal
16984,2,88,4481.35,2240.68,2423,Inactive
16985,10,17,5464.12,546.41,1832,VIP
16986,2,30,1873.2,936.6,1040,Inactive
16987,7,3,1625.05,232.15,402,Loyal
16988,1,5,126.12,126.12,43,New
16989,6,7,1133.25,188.88,1233,Loyal
16990,1,219,179.0,179.0,100,Inactive
16992,5,11,1614.31,322.86,860,Loyal
16996,6,30,1456.96,242.83,544,Risk
16997,3,288,702.0,234.0,360,Inactive
16998,3,150,287.5,95.83,74,Inactive
16999,2,23,484.82,242.41,294,Inactive
17001,11,1,3989.57,362.69,2164,Loyal
17002,3,86,1493.73,497.91,679,Inactive
17004,2,46,1412.94,706.47,819,Inactive
17006,4,5,781.78,195.44,272,New
17007,6,51,889.93,148.32,597,Risk
17010,1,18,195.36,195.36,118,New
17011,1,30,270.9,270.9,186,Inactive
17014,3,8,586.33,195.44,245,New
17015,3,29,1842.56,614.19,1981,Inactive
17017,20,3,8694.26,434.71,6673,VIP
17018,2,41,920.1,460.05,176,Inactive
17019,4,11,1272.61,318.15,827,New
17022,1,31,71.0,71.0,108,Inactive
17024,3,45,95.85,31.95,69,Inactive
17025,3,61,357.77,119.26,235,Inactive
17026,2,185,154.83,77.41,97,Inactive
17027,6,79,890.29,148.38,421,Risk
17029,2,111,716.0,358.0,400,Inactive
17030,1,64,146.87,146.87,146,Inactive
17031,2,12,380.35,190.18,235,New
17033,3,86,1030.14,343.38,750,Inactive
17034,3,16,745.52,248.51,410,New
17035,2,246,433.53,216.76,229,Inactive
17037,1,88,1267.32,1267.32,656,Inactive
17038,1,30,112.4,112.4,28,Inactive
17040,1,138,449.73,449.73,181,Inactive
17041,3,27,1081.57,360.52,951,Inactive
17042,5,3,1044.38,208.88,994,Loyal
17043,4,32,1735.18,433.8,998,Inactive
17044,1,25,948.48,948.48,504,Inactive
17045,3,113,339.44,113.15,106,Inactive
17046,1,157,642.02,642.02,510,Inactive
17047,3,85,1100.9,366.97,533,Inactive
17048,3,118,925.35,308.45,485,Inactive
17049,9,3,5659.98,628.89,2676,VIP
17050,6,96,3228.84,538.14,1614,Risk
17051,1,194,247.14,247.14,184,Inactive
17052,1,28,413.75,413.75,261,Inactive
17053,1,131,498.48,498.48,122,Inactive
17054,5,28,1356.33,271.27,804,Risk
17058,3,82,1179.89,393.3,592,Inactive
17059,5,30,3095.04,619.01,1855,Risk
17060,1,266,234.24,234.24,216,Inactive
17061,11,74,5232.23,475.66,1526,Risk
17062,4,314,538.37,134.59,430,Inactive
17063,7,21,1461.14,208.73,770,Risk
17064,3,59,859.35,286.45,318,Inactive
17068,21,12,4552.14,216.77,2164,Loyal
17069,9,28,2709.7,301.08,1506,Risk
17070,1,114,312.14,312.14,133,Inactive
17071,9,28,2429.03,269.89,1197,Risk
17073,4,18,1446.09,361.52,759,New
17075,4,18,834.12,208.53,292,New
17076,3,36,841.08,280.36,295,Inactive
17078,2,36,378.2,189.1,788,Inactive
17079,1,78,118.8,118.8,24,Inactive
17080,2,22,287.62,143.81,166,Inactive
17081,2,25,290.16,145.08,78,Inactive
17082,2,33,2003.85,1001.92,1049,Inactive
17083,3,109,1405.78,468.59,772,Inactive
17084,2,35,2949.75,1474.88,1816,Inactive
17085,5,123,1566.65,313.33,786,Risk
17086,6,7,2050.08,341.68,1859,Loyal
17088,4,28,1991.01,497.75,868,Inactive
17090,7,4,2043.95,291.99,921,Loyal
17091,9,3,3827.76,425.31,1746,Loyal
17092,4,50,1777.78,444.44,1131,Inactive
17094,1,322,302.0,302.0,152,Inactive
17095,3,23,1324.16,441.39,618,Inactive
17096,4,15,1022.13,255.53,339,New
17097,8,2,954.42,119.3,459,Loyal
17100,2,18,971.74,485.87,800,New
17101,4,10,1621.73,405.43,815,New
17102,1,262,25.5,25.5,2,Inactive
17105,2,159,665.78,332.89,693,Inactive
17107,6,33,10815.43,1802.57,4837,Risk
17109,6,29,885.04,147.51,589,Risk
17110,1,165,163.3,163.3,50,Inactive
17111,1,47,248.61,248.61,302,Inactive
17114,7,6,763.12,109.02,212,Loyal
17115,3,8,837.5,279.17,372,New
17117,1,288,116.2,116.2,68,Inactive
17118,1,318,157.02,157.02,154,Inactive
17119,2,3,606.91,303.46,334,New
17120,1,233,307.46,307.46,120,Inactive
17122,1,119,138.32,138.32,80,Inactive
17123,1,162,345.3,345.3,246,Inactive
17124,1,185,298.89,298.89,130,Inactive
17125,1,50,259.35,259.35,291,Inactive
17126,5,152,1004.75,200.95,792,Risk
17128,1,335,157.09,157.09,76,Inactive
17131,5,5,2463.17,492.63,983,VIP
17133,7,16,4892.24,698.89,2730,VIP
17134,2,107,425.0,212.5,102,Inactive
17135,7,16,1139.73,162.82,1224,Loyal
17138,1,276,380.5,380.5,126,Inactive
17139,12,16,10668.47,889.04,5182,VIP
17140,1,247,465.32,465.32,302,Inactive
17142,1,239,579.0,579.0,81,Inactive
17144,2,1,984.57,492.28,483,New
17146,3,106,749.78,249.93,212,Inactive
17147,4,23,1714.59,428.65,882,Inactive
17148,1,52,124.88,124.88,82,Inactive
17152,3,195,1689.5,563.17,517,Inactive
17153,1,24,213.78,213.78,104,Inactive
17154,1,75,329.34,329.34,490,Inactive
17155,2,18,251.7,125.85,242,New
17157,2,8,319.0,159.5,172,New
17158,3,32,1266.97,422.32,778,Inactive
17159,3,22,1538.88,512.96,1111,Inactive
17160,6,31,3518.03,586.34,2856,Risk
17162,10,29,1715.46,171.55,1001,Risk
17163,2,22,293.1,146.55,66,Inactive
17164,7,33,2467.35,352.48,1501,Risk
17165,1,284,158.68,158.68,100,Inactive
17166,2,39,206.34,103.17,78,Inactive
17169,2,58,835.78,417.89,526,Inactive
17171,1,289,224.91,224.91,185,Inactive
17172,1,79,317.76,317.76,480,Inactive
17173,8,5,3766.6,470.83,1122,VIP
17174,1,218,59.9,59.9,41,Inactive
17175,4,44,1443.69,360.92,866,Inactive
17176,1,202,306.13,306.13,170,Inactive
17179,3,178,711.79,237.26,290,Inactive
17180,4,56,796.03,199.01,683,Inactive
17181,2,57,239.92,119.96,241,Inactive
17183,6,8,3347.31,557.89,1296,VIP
17186,2,47,144.0,72.0,200,Inactive
17187,1,227,203.95,203.95,144,Inactive
17188,7,11,2474.23,353.46,1328,Loyal
17189,2,106,384.4,192.2,227,Inactive
17190,1,59,249.74,249.74,160,Inactive
17191,7,28,2095.13,299.3,1167,Risk
17193,7,36,1699.3,242.76,1254,Risk
17194,2,274,262.62,131.31,119,Inactive
17197,1,30,1013.01,1013.01,191,Inactive
17198,3,24,692.22,230.74,357,Inactive
17201,1,54,342.63,342.63,268,Inactive
17203,6,36,3563.85,593.98,2850,Risk
17204,4,175,1564.56,391.14,646,Inactive
17205,1,54,384.08,384.08,884,Inactive
17206,1,53,204.24,204.24,76,Inactive
17211,8,27,2317.22,289.65,1323,Risk
17212,1,253,226.85,226.85,147,Inactive
17213,7,40,2781.23,397.32,1176,Risk
17214,6,60,1069.12,178.19,276,Risk
17217,1,234,113.5,113.5,24,Inactive
17218,10,4,1960.72,196.07,958,Loyal
17219,1,32,114.23,114.23,89,Inactive
17220,14,24,3198.25,228.45,1905,Risk
17221,2,7,335.13,167.56,288,New
17222,1,65,354.15,354.15,128,Inactive
17223,2,310,426.79,213.4,112,Inactive
17226,1,309,393.49,393.49,406,Inactive
17227,6,19,939.32,156.55,741,Risk
17228,8,16,1906.09,238.26,1532,Loyal
17229,2,96,318.76,159.38,185,Inactive
17230,8,264,3638.41,454.8,1651,Risk
17231,10,12,3174.32,317.43,1742,Loyal
17232,2,3,421.52,210.76,203,New
17233,1,35,190.88,190.88,131,Inactive
17234,1,183,149.89,149.89,55,Inactive
17235,2,25,550.06,275.03,224,Inactive
17236,6,13,916.13,152.69,474,Loyal
17237,2,11,314.69,157.34,105,New
17238,17,3,3744.65,220.27,1822,Loyal
17239,1,313,382.5,382.5,150,Inactive
17242,2,108,1135.04,567.52,611,Inactive
17243,26,1,8676.85,333.72,3370,Loyal
17244,1,53,954.9,954.9,616,Inactive
17245,1,205,171.45,171.45,75,Inactive
17247,1,15,282.19,282.19,106,New
17248,1,120,318.65,318.65,213,Inactive
17250,2,4,384.52,192.26,168,New
17251,1,363,283.28,283.28,110,Inactive
17252,2,117,353.86,176.93,193,Inactive
17253,1,18,178.26,178.26,43,New
17254,2,5,272.44,136.22,252,New
17255,2,41,298.41,149.2,232,Inactive
17256,2,107,240.0,120.0,141,Inactive
17259,2,148,603.37,301.68,410,Inactive
17262,5,52,1253.36,250.67,367,Risk
17263,1,208,63.44,63.44,36,Inactive
17265,2,139,562.9,281.45,394,Inactive
17266,3,2,310.64,103.55,161,New
17267,2,127,317.62,158.81,159,Inactive
17268,4,108,763.64,190.91,844,Inactive
17272,4,42,2148.63,537.16,1778,Inactive
17274,1,35,111.98,111.98,79,Inactive
17277,2,228,1065.35,532.67,430,Inactive
17278,1,241,246.04,246.04,179,Inactive
17279,1,58,187.83,187.83,48,Inactive
17282,3,130,1703.41,567.8,1877,Inactive
17284,6,60,1652.58,275.43,1364,Risk
17286,1,22,153.92,153.92,118,Inactive
17287,7,26,1064.11,152.02,559,Risk
17288,7,9,1419.73,202.82,1203,Loyal
17289,3,32,944.41,314.8,520,Inactive
17290,2,4,525.24,262.62,404,New
17291,1,308,550.8,550.8,72,Inactive
17293,9,8,1875.11,208.35,1140,Loyal
17295,3,29,556.95,185.65,294,Inactive
17297,1,17,131.78,131.78,67,New
17298,2,101,498.42,249.21,387,Inactive
17299,4,12,669.11,167.28,678,New
17301,1,21,197.63,197.63,149,Inactive
17302,5,15,1135.63,227.13,575,Loyal
17303,1,361,250.04,250.04,144,Inactive
17306,19,11,8631.31,454.28,11491,VIP
17309,1,95,82.75,82.75,41,Inactive
17311,2,78,1384.85,692.42,1005,Inactive
17312,3,139,644.3,214.77,372,Inactive
17313,1,31,2328.84,2328.84,1402,Inactive
17314,8,25,2527.92,315.99,1896,Risk
17315,38,2,6292.26,165.59,3888,Loyal
17317,3,46,2600.34,866.78,1146,Inactive
17320,3,100,1200.62,400.21,634,Inactive
17321,2,8,700.86,350.43,373,New
17323,7,15,921.07,131.58,776,Loyal
17324,4,18,990.23,247.56,844,New
17325,1,280,96.8,96.8,60,Inactive
17329,2,14,523.11,261.56,142,New
17330,2,23,363.9,181.95,120,Inactive
17331,1,124,175.2,175.2,16,Inactive
17333,1,86,494.25,494.25,375,Inactive
17334,2,302,307.02,153.51,315,Inactive
17337,4,151,2027.87,506.97,1269,Inactive
17338,8,17,6643.93,830.49,3128,VIP
17339,2,94,243.36,121.68,152,Inactive
17340,11,30,12353.29,1123.03,5967,Risk
17341,3,157,781.36,260.45,489,Inactive
17343,1,355,193.64,193.64,56,Inactive
17344,1,46,160.57,160.57,66,Inactive
17345,4,15,537.74,134.44,346,New
17346,15,4,2676.56,178.44,1657,Loyal
17347,1,86,228.96,228.96,216,Inactive
17348,5,15,1159.52,231.9,1401,Loyal
17349,1,179,110.75,110.75,112,Inactive
17350,4,8,1286.07,321.52,795,New
17351,3,36,587.15,195.72,113,Inactive
17353,2,129,1740.0,870.0,1200,Inactive
17354,1,51,1393.06,1393.06,1006,Inactive
17356,1,312,178.22,178.22,166,Inactive
17357,2,24,388.14,194.07,153,Inactive
17358,2,303,365.85,182.92,202,Inactive
17359,1,11,127.86,127.86,161,New
17360,3,17,585.79,195.26,335,New
17361,3,49,488.2,162.73,157,Inactive
17362,2,239,312.23,156.12,191,Inactive
17364,11,1,4481.18,407.38,2701,Loyal
17365,8,13,4801.56,600.2,4777,VIP
17367,1,238,168.4,168.4,150,Inactive
17368,7,23,1349.52,192.79,680,Risk
17370,4,73,446.18,111.54,540,Inactive
17371,3,17,423.89,141.3,152,New
17372,8,41,1342.68,167.84,749,Risk
17373,4,40,646.92,161.73,408,Inactive
17374,2,219,495.77,247.88,85,Inactive
17375,3,199,400.1,133.37,367,Inactive
17376,2,71,203.2,101.6,86,Inactive
17377,20,24,4100.92,205.05,2076,Risk
17379,1,11,404.66,404.66,663,New
17381,29,9,20275.61,699.16,25649,VIP
17382,1,65,65.4,65.4,25,Inactive
17383,1,4,199.29,199.29,150,New
17384,2,19,336.4,168.2,88,Inactive
17385,1,15,261.11,261.11,201,New
17386,6,8,2686.42,447.74,1902,VIP
17387,2,20,784.11,392.06,542,Inactive
17388,4,78,1259.56,314.89,1068,Inactive
17389,34,1,31833.68,936.28,7612,VIP
17391,2,164,508.8,254.4,480,Inactive
17392,2,307,457.91,228.96,320,Inactive
17394,1,219,203.87,203.87,241,Inactive
17396,8,39,7330.8,916.35,2005,Risk
17397,2,22,696.41,348.2,254,Inactive
17398,3,115,653.38,217.79,310,Inactive
17400,5,126,2129.96,425.99,1097,Risk
17402,13,5,2633.85,202.6,701,Loyal
17403,1,36,281.62,281.62,117,Inactive
17404,14,26,31668.82,2262.06,32708,Risk
17405,3,1,1031.41,343.8,726,New
17406,3,333,2200.42,733.47,787,Inactive
17408,1,163,32.65,32.65,3,Inactive
17409,2,185,771.85,385.92,105,Inactive
17410,5,16,1214.72,242.94,616,Loyal
17411,3,12,778.94,259.65,306,New
17412,7,3,1258.06,179.72,738,Loyal
17414,2,44,778.0,389.0,2100,Inactive
17415,1,80,507.84,507.84,114,Inactive
17416,7,30,6893.42,984.77,4302,Risk
17418,2,42,463.46,231.73,289,Inactive
17419,12,11,4226.57,352.21,1876,Loyal
17420,3,50,598.83,199.61,265,Inactive
17422,6,16,1979.37,329.9,2253,Loyal
17423,2,46,698.41,349.21,459,Inactive
17425,2,19,759.17,379.58,407,Inactive
17426,6,8,5037.26,839.54,3094,VIP
17427,1,72,100.8,100.8,34,Inactive
17428,28,1,17256.85,616.32,9474,VIP
17429,3,128,524.92,174.97,624,Inactive
17430,2,33,265.76,132.88,190,Inactive
17431,1,313,403.3,403.3,292,Inactive
17432,2,18,365.76,182.88,207,New
17433,1,88,303.16,303.16,185,Inactive
17434,7,2,2373.82,339.12,1693,Loyal
17436,2,2,216.3,108.15,90,New
17438,1,254,388.45,388.45,103,Inactive
17440,3,157,186.42,62.14,246,Inactive
17442,6,37,2248.56,374.76,1496,Risk
17443,1,220,534.24,534.24,504,Inactive
17444,3,148,2940.04,980.01,2119,Inactive
17446,2,177,120.9,60.45,198,Inactive
17447,2,40,541.53,270.76,443,Inactive
17449,7,2,2520.86,360.12,1122,Loyal
17450,45,8,193592.89,4302.06,69807,VIP
17451,7,1,1721.4,245.91,1203,Loyal
17453,2,18,486.72,243.36,219,New
17454,4,192,517.53,129.38,243,Inactive
17455,1,204,131.7,131.7,66,Inactive
17456,1,365,249.86,249.86,222,Inactive
17457,5,127,1737.7,347.54,826,Risk
17458,1,15,316.5,316.5,170,New
17459,2,43,657.3,328.65,537,Inactive
17460,5,226,462.58,92.52,177,Risk
17461,3,23,757.46,252.49,799,Inactive
17462,2,60,675.69,337.84,227,Inactive
17463,5,16,1896.41,379.28,1095,Loyal
17464,1,158,289.96,289.96,220,Inactive
17466,2,10,763.28,381.64,306,New
17468,2,10,137.0,68.5,116,New
17469,5,16,1870.97,374.19,787,Loyal
17470,5,45,1125.07,225.01,1675,Risk
17472,3,191,710.29,236.76,462,Inactive
17475,1,79,194.37,194.37,178,Inactive
17480,1,78,511.82,511.82,338,Inactive
17481,4,4,1255.59,313.9,1061,New
17483,3,65,414.04,138.01,191,Inactive
17486,1,261,396.87,396.87,191,Inactive
17489,2,59,376.64,188.32,428,Inactive
17490,7,1,2092.32,298.9,1134,Loyal
17491,10,1,3558.87,355.89,2013,Loyal
17492,1,248,374.57,374.57,155,Inactive
17495,2,8,497.56,248.78,229,New
17496,1,359,271.05,271.05,79,Inactive
17498,1,76,272.22,272.22,394,Inactive
17499,1,290,622.88,622.88,711,Inactive
17500,3,17,1138.0,379.33,17,New
17501,2,221,288.6,144.3,160,Inactive
17502,4,9,689.1,172.28,376,New
17503,2,3,558.96,279.48,486,New
17504,8,206,2745.28,343.16,1456,Risk
17505,2,162,1145.84,572.92,556,Inactive
17506,1,76,302.2,302.2,139,Inactive
17507,2,262,605.58,302.79,359,Inactive
17508,1,281,387.31,387.31,289,Inactive
17509,8,58,6115.14,764.39,3534,Risk
17510,1,25,308.48,308.48,214,Inactive
17511,30,3,88556.38,2951.88,63149,VIP
17512,10,29,2924.99,292.5,2753,Risk
17513,1,72,513.2,513.2,254,Inactive
17514,1,128,208.65,208.65,135,Inactive
17515,4,31,639.02,159.76,243,Inactive
17516,5,15,768.08,153.62,416,Loyal
17517,1,309,153.94,153.94,102,Inactive
17519,6,17,1844.02,307.34,1236,Loyal
17520,1,54,546.81,546.81,365,Inactive
17521,3,30,723.21,241.07,519,Inactive
17522,5,2,1070.71,214.14,1034,Loyal
17523,4,11,652.74,163.18,872,New
17524,1,361,145.0,145.0,90,Inactive
17525,1,360,422.7,422.7,82,Inactive
17526,4,5,1195.9,298.98,310,New
17527,4,54,939.37,234.84,488,Inactive
17528,8,1,3628.5,453.56,2138,VIP
17530,10,1,2385.0,238.5,1526,Loyal
17531,1,190,296.7,296.7,136,Inactive
17534,1,54,223.36,223.36,103,Inactive
17535,1,280,164.4,164.4,136,Inactive
17536,1,177,76.5,76.5,6,Inactive
17537,2,30,897.62,448.81,700,Inactive
17538,1,26,98.42,98.42,134,Inactive
17540,2,25,578.9,289.45,194,Inactive
17542,1,270,170.75,170.75,134,Inactive
17545,3,43,645.96,215.32,341,Inactive
17549,2,24,148.86,74.43,210,Inactive
17550,3,197,267.16,89.05,86,Inactive
17551,1,359,306.84,306.84,150,Inactive
17552,3,71,913.91,304.64,709,Inactive
17553,1,130,1487.6,1487.6,1048,Inactive
17554,5,1,1952.45,390.49,1763,Loyal
17555,2,20,483.26,241.63,349,Inactive
17556,1,206,157.9,157.9,101,Inactive
17557,3,14,541.46,180.49,306,New
17560,4,95,854.95,213.74,635,Inactive
17561,1,19,167.62,167.62,146,Inactive
17562,7,14,1122.38,160.34,817,Loyal
17564,3,24,454.01,151.34,146,Inactive
17566,2,8,901.21,450.6,518,New
17567,8,7,4331.48,541.43,2632,VIP
17569,1,332,344.14,344.14,159,Inactive
17571,4,50,1498.51,374.63,905,Inactive
17572,4,71,226.75,56.69,95,Inactive
17573,3,29,380.6,126.87,308,Inactive
17574,1,243,185.65,185.65,77,Inactive
17576,19,8,3622.68,190.67,1994,Loyal
17578,1,218,143.46,143.46,138,Inactive
17579,3,5,448.9,149.63,258,New
17580,3,253,215.72,71.91,88,Inactive
17581,24,1,10850.04,452.08,5926,VIP
17582,1,236,175.27,175.27,123,Inactive
17584,2,7,1242.3,621.15,458,New
17585,4,109,1133.07,283.27,1671,Inactive
17588,3,100,1240.2,413.4,676,Inactive
17589,4,60,2404.17,601.04,1631,Inactive
17590,3,2,1479.22,493.07,828,New
17591,7,73,2225.97,318.0,1009,Risk
17593,5,4,3927.34,785.47,3101,VIP
17594,2,85,993.18,496.59,550,Inactive
17595,2,12,388.79,194.4,229,New
17596,7,23,2827.93,403.99,4400,Risk
17597,1,214,2044.37,2044.37,1176,Inactive
17600,1,18,161.67,161.67,144,New
17601,1,239,116.01,116.01,103,Inactive
17602,6,2,5102.97,850.5,4151,VIP
17603,1,78,394.72,394.72,74,Inactive
17604,2,217,309.36,154.68,169,Inactive
17608,2,33,193.42,96.71,232,Inactive
17609,5,41,1112.22,222.44,723,Risk
17611,15,7,3984.22,265.61,2560,Loyal
17612,6,53,2048.45,341.41,1808,Risk
17613,14,23,4559.15,325.65,2496,Risk
17614,1,57,390.07,390.07,238,Inactive
17615,3,130,329.6,109.87,140,Inactive
17616,3,174,571.2,190.4,224,Inactive
17618,3,6,971.58,323.86,331,New
17619,1,312,218.52,218.52,127,Inactive
17620,1,60,81.44,81.44,60,Inactive
17621,3,21,1379.9,459.97,514,Inactive
17623,1,33,527.05,527.05,265,Inactive
17624,2,15,843.48,421.74,554,New
17625,4,18,2047.0,511.75,1198,New
17628,1,81,75.75,75.75,79,Inactive
17629,8,6,1814.12,226.76,1629,Loyal
17630,2,170,503.6,251.8,158,Inactive
17631,3,2,528.33,176.11,334,New
17633,4,31,1324.84,331.21,644,Inactive
17634,9,36,2361.97,262.44,840,Risk
17636,1,19,285.56,285.56,182,Inactive
17637,2,31,547.06,273.53,280,Inactive
17639,1,276,108.5,108.5,49,Inactive
17640,1,87,621.66,621.66,250,Inactive
17642,2,120,712.29,356.14,474,Inactive
17643,1,373,101.55,101.55,71,Inactive
17644,11,1,2895.64,263.24,1793,Loyal
17646,3,219,1008.39,336.13,323,Inactive
17647,1,65,133.06,133.06,30,Inactive
17648,4,61,1797.5,449.38,487,Inactive
17649,1,138,868.49,868.49,399,Inactive
17650,1,21,166.08,166.08,150,Inactive
17651,10,12,3945.0,394.5,3112,Loyal
17652,12,25,4867.72,405.64,2509,Risk
17653,4,37,1207.56,301.89,1409,Inactive
17654,1,277,117.55,117.55,41,Inactive
17655,7,11,2638.94,376.99,1116,Loyal
17656,5,73,1674.69,334.94,1399,Risk
17658,2,26,595.42,297.71,616,Inactive
17659,12,17,2999.46,249.96,1525,Loyal
17660,1,141,196.0,196.0,130,Inactive
17663,7,26,1802.91,257.56,797,Risk
17664,2,19,604.64,302.32,604,Inactive
17666,2,4,728.16,364.08,596,New
17667,5,66,2055.51,411.1,1033,Risk
17668,2,1,347.75,173.88,93,New
17669,7,43,3406.72,486.67,1916,Risk
17670,1,228,205.7,205.7,110,Inactive
17671,4,16,1572.71,393.18,772,New
17672,2,50,3178.17,1589.08,1690,Inactive
17673,6,2,1629.12,271.52,1487,Loyal
17674,2,74,551.04,275.52,672,Inactive
17675,31,1,20374.28,657.23,8360,VIP
17676,6,4,1387.68,231.28,932,Loyal
17677,30,2,16363.23,545.44,9775,VIP
17678,1,264,298.11,298.11,207,Inactive
17679,2,53,1992.11,996.06,729,Inactive
17680,1,24,184.4,184.4,96,Inactive
17682,6,10,2474.33,412.39,1367,Loyal
17684,1,44,239.41,239.41,145,Inactive
17685,7,17,3191.53,455.93,1956,VIP
17686,7,7,5739.46,819.92,2478,VIP
17690,15,30,4757.95,317.2,1773,Risk
17691,2,358,290.4,145.2,134,Inactive
17692,4,127,740.94,185.24,672,Inactive
17693,1,137,200.47,200.47,231,Inactive
17694,1,142,283.12,283.12,184,Inactive
17695,2,132,765.34,382.67,779,Inactive
17696,8,38,2285.71,285.71,1756,Risk
17697,1,236,338.95,338.95,93,Inactive
17698,1,261,154.95,154.95,93,Inactive
17700,4,17,2534.64,633.66,1266,New
17701,1,253,417.95,417.95,109,Inactive
17702,4,30,1824.37,456.09,1353,Inactive
17703,3,35,798.74,266.25,590,Inactive
17704,2,169,885.19,442.6,343,Inactive
17705,9,3,1823.52,202.61,963,Loyal
17706,17,4,10504.49,617.91,3899,VIP
17707,2,185,152.4,76.2,144,Inactive
17708,2,188,267.08,133.54,91,Inactive
17709,1,170,137.45,137.45,17,Inactive
17711,2,11,385.1,192.55,246,New
17712,1,45,522.91,522.91,215,Inactive
17714,1,321,153.0,153.0,92,Inactive
17715,1,201,326.4,326.4,384,Inactive
17716,11,23,5655.99,514.18,3072,Risk
17718,1,232,139.35,139.35,83,Inactive
17719,15,38,5396.04,359.74,2466,Risk
17720,4,26,1195.94,298.98,576,Inactive
17722,4,96,2424.04,606.01,1595,Inactive
17723,6,127,3276.4,546.07,792,Risk
17724,3,71,1033.0,344.33,300,Inactive
17725,11,16,3439.08,312.64,2162,Loyal
17727,1,15,1060.25,1060.25,645,New
17728,2,4,2530.98,1265.49,1340,New
17730,13,3,5298.48,407.58,3576,Loyal
17731,4,79,1240.11,310.03,493,Inactive
17732,1,373,303.97,303.97,93,Inactive
17733,2,39,692.19,346.1,463,Inactive
17734,3,54,700.63,233.54,422,Inactive
17735,19,2,13110.02,690.0,8439,VIP
17736,2,9,337.49,168.74,237,New
17737,2,9,168.24,84.12,108,New
17738,4,19,1879.05,469.76,1029,Inactive
17739,7,12,2791.35,398.76,861,Loyal
17742,2,113,355.11,177.56,89,Inactive
17744,6,4,2322.4,387.07,3412,Loyal
17746,1,240,110.25,110.25,29,Inactive
17747,1,113,71.4,71.4,12,Inactive
17749,2,178,674.52,337.26,320,Inactive
17750,9,5,1797.57,199.73,3957,Loyal
17752,1,359,80.64,80.64,192,Inactive
17754,5,1,1772.26,354.45,1869,Loyal
17757,30,1,5605.29,186.84,3320,Loyal
17758,8,19,3456.7,432.09,2091,Risk
17759,3,17,834.99,278.33,708,New
17760,2,22,287.59,143.79,239,Inactive
17761,1,33,712.78,712.78,398,Inactive
17763,1,263,15.0,15.0,12,Inactive
17764,2,51,818.82,409.41,395,Inactive
17765,3,159,371.88,123.96,144,Inactive
17767,1,15,271.2,271.2,128,New
17768,3,8,2273.18,757.73,1186,New
17769,10,13,3997.98,399.8,1862,Loyal
17770,5,199,1143.27,228.65,365,Risk
17771,2,57,245.81,122.9,287,Inactive
17772,2,11,182.77,91.38,58,New
17774,4,97,1225.41,306.35,512,Inactive
17775,1,255,56.4,56.4,72,Inactive
17777,3,25,665.86,221.95,507,Inactive
17779,3,21,658.57,219.52,397,Inactive
17781,2,159,188.02,94.01,34,Inactive
17783,2,72,283.47,141.74,354,Inactive
17785,1,53,131.94,131.94,67,Inactive
17786,2,85,278.74,139.37,200,Inactive
17787,4,153,1865.19,466.3,910,Inactive
17788,2,74,1117.9,558.95,211,Inactive
17789,1,281,225.9,225.9,74,Inactive
17790,14,27,1965.55,140.4,836,Risk
17791,1,30,106.1,106.1,46,Inactive
17793,1,25,323.04,323.04,232,Inactive
17795,2,180,350.39,175.2,341,Inactive
17796,4,40,697.9,174.48,178,Inactive
17797,3,22,780.43,260.14,498,Inactive
17799,10,22,3055.93,305.59,1758,Risk
17800,9,37,1199.01,133.22,736,Risk
17802,3,82,1285.04,428.35,752,Inactive
17805,1,74,512.31,512.31,478,Inactive
17806,1,11,546.04,546.04,727,New
17809,12,16,5411.91,450.99,2057,VIP
17811,39,4,7837.73,200.97,4177,Loyal
17812,4,13,732.16,183.04,350,New
17813,5,14,1770.88,354.18,790,Loyal
17816,4,37,36.56,9.14,30,Inactive
17817,3,4,387.68,129.23,67,New
17819,7,72,3704.87,529.27,1031,Risk
17824,1,51,298.4,298.4,408,Inactive
17827,5,5,1995.46,399.09,1247,Loyal
17828,4,23,1820.09,455.02,667,Inactive
17829,1,299,889.24,889.24,496,Inactive
17830,3,2,398.7,132.9,92,New
17831,1,33,35.4,35.4,12,Inactive
17832,1,50,155.37,155.37,208,Inactive
17835,3,3,350.64,116.88,348,New
17836,1,47,110.21,110.21,88,Inactive
17837,8,42,1593.38,199.17,518,Risk
17838,4,89,2312.7,578.17,1421,Inactive
17839,1,42,338.8,338.8,285,Inactive
17841,123,2,40987.32,333.23,23070,Loyal
17843,1,303,205.48,205.48,113,Inactive
17844,1,107,51.56,51.56,52,Inactive
17846,1,85,2033.1,2033.1,1,Inactive
17848,9,81,901.2,100.13,398,Risk
17849,4,218,605.8,151.45,114,Inactive
17850,34,372,5391.21,158.56,1733,Risk
17852,2,12,114.34,57.17,53,New
17854,2,185,311.26,155.63,84,Inactive
17855,1,373,208.97,208.97,197,Inactive
17856,4,2,1418.03,354.51,842,New
17857,23,4,26879.04,1168.65,19256,VIP
17858,12,6,5155.66,429.64,2706,Loyal
17859,1,305,148.21,148.21,127,Inactive
17860,1,369,252.8,252.8,104,Inactive
17861,8,3,2100.8,262.6,1988,Loyal
17862,1,324,330.9,330.9,100,Inactive
17863,6,59,3160.0,526.67,2638,Risk
17864,3,13,597.5,199.17,810,New
17865,19,31,10424.32,548.65,5745,Risk
17866,1,143,329.65,329.65,174,Inactive
17867,6,30,1197.1,199.52,542,Risk
17869,5,107,428.18,85.64,111,Risk
17870,12,2,1894.35,157.86,1401,Loyal
17871,1,205,155.9,155.9,182,Inactive
17873,5,80,1859.16,371.83,1047,Risk
17874,6,185,683.46,113.91,221,Risk
17877,1,170,237.61,237.61,98,Inactive
17878,1,44,379.45,379.45,401,Inactive
17879,1,174,178.52,178.52,45,Inactive
17880,1,365,458.92,458.92,314,Inactive
17881,1,304,133.35,133.35,32,Inactive
17883,4,3,671.77,167.94,379,New
17884,4,4,717.45,179.36,854,New
17885,1,12,190.19,190.19,167,New
17886,3,32,899.61,299.87,481,Inactive
17887,1,129,111.35,111.35,30,Inactive
17888,6,38,525.78,87.63,431,Risk
17889,2,212,203.87,101.94,79,Inactive
17890,2,323,602.09,301.04,416,Inactive
17891,1,162,203.86,203.86,393,Inactive
17892,3,56,244.1,81.37,109,Inactive
17893,1,225,112.25,112.25,161,Inactive
17894,8,72,1119.81,139.98,405,Risk
17895,1,44,98.0,98.0,130,Inactive
17896,1,23,256.32,256.32,288,Inactive
17897,3,173,566.6,188.87,229,Inactive
17898,2,85,152.06,76.03,190,Inactive
17899,1,159,155.8,155.8,171,Inactive
17900,1,190,79.8,79.8,49,Inactive
17901,1,29,110.38,110.38,24,Inactive
17904,1,21,191.67,191.67,63,Inactive
17905,4,71,800.24,200.06,407,Inactive
17906,1,247,72.9,72.9,26,Inactive
17908,1,374,243.28,243.28,173,Inactive
17911,1,9,366.23,366.23,223,New
17912,5,310,311.01,62.2,185,Risk
17913,2,59,411.6,205.8,289,Inactive
17914,1,4,336.43,336.43,473,New
17917,3,45,341.28,113.76,187,Inactive
17919,1,88,1304.04,1304.04,756,Inactive
17920,17,4,4204.1,247.3,2516,Loyal
17921,4,64,826.52,206.63,430,Inactive
17923,1,282,207.5,207.5,50,Inactive
17924,7,12,2962.5,423.21,1160,Loyal
17925,1,373,244.08,244.08,72,Inactive
17926,2,133,397.29,198.64,306,Inactive
17928,2,45,212.54,106.27,140,Inactive
17929,4,11,843.0,210.75,108,New
17930,5,36,1740.48,348.1,1594,Risk
17931,2,134,408.36,204.18,249,Inactive
17932,3,29,1331.57,443.86,789,Inactive
17934,2,52,704.25,352.12,478,Inactive
17935,2,138,145.79,72.9,82,Inactive
17936,1,5,389.84,389.84,262,New
17937,7,9,4301.22,614.46,1754,VIP
17939,1,160,99.14,99.14,40,Inactive
17940,10,49,4106.44,410.64,9755,Risk
17941,1,131,304.56,304.56,252,Inactive
17942,1,8,77.5,77.5,38,New
17946,2,233,149.58,74.79,75,Inactive
17947,1,37,176.68,176.68,168,Inactive
17948,1,147,358.56,358.56,144,Inactive
17949,41,1,54530.94,1330.02,28244,VIP
17950,3,72,482.2,160.73,366,Inactive
17951,3,40,1008.54,336.18,616,Inactive
17954,12,5,2332.72,194.39,2234,Loyal
17955,4,199,557.3,139.32,273,Inactive
17956,1,249,12.75,12.75,1,Inactive
17957,1,66,111.68,111.68,287,Inactive
17958,1,117,508.46,508.46,84,Inactive
17960,1,171,73.78,73.78,41,Inactive
17961,39,21,1296.44,33.24,560,Risk
17962,1,142,102.83,102.83,128,Inactive
17964,2,32,471.7,235.85,301,Inactive
17965,14,38,2622.57,187.33,1556,Risk
17966,5,38,1098.43,219.69,2571,Risk
17967,1,372,123.07,123.07,80,Inactive
17968,1,374,277.35,277.35,160,Inactive
17969,2,166,228.2,114.1,152,Inactive
17970,1,211,582.59,582.59,525,Inactive
17972,1,242,136.04,136.04,37,Inactive
17973,1,52,337.04,337.04,176,Inactive
17974,3,25,740.79,246.93,519,Inactive
17975,13,15,4488.81,345.29,1568,Loyal
17976,1,372,353.19,353.19,106,Inactive
17977,1,29,288.14,288.14,342,Inactive
17978,1,365,300.92,300.92,499,Inactive
17979,4,36,757.71,189.43,397,Inactive
17980,3,166,811.45,270.48,682,Inactive
17984,1,145,152.68,152.68,98,Inactive
17985,1,22,634.95,634.95,183,Inactive
17986,1,56,20.8,20.8,10,Inactive
17987,1,185,198.57,198.57,261,Inactive
17988,7,12,201.12,28.73,43,Loyal
17990,3,237,630.84,210.28,414,Inactive
17991,2,225,93.35,46.68,25,Inactive
17994,4,122,678.49,169.62,497,Inactive
17995,1,282,76.1,76.1,133,Inactive
17997,8,74,1970.67,246.33,2298,Risk
17999,2,37,382.06,191.03,221,Inactive
18001,2,12,417.23,208.62,363,New
18004,1,362,169.47,169.47,78,Inactive
18005,2,4,249.72,124.86,93,New
18006,1,23,444.68,444.68,220,Inactive
18008,9,70,2116.19,235.13,1581,Risk
18009,1,235,257.34,257.34,126,Inactive
18010,1,257,174.8,174.8,60,Inactive
18011,1,373,102.79,102.79,71,Inactive
18013,2,155,187.29,93.65,285,Inactive
18014,1,28,166.42,166.42,68,Inactive
18015,1,4,120.03,120.03,157,New
18016,5,32,1483.56,296.71,1029,Risk
18017,3,81,523.0,174.33,300,Inactive
18018,2,108,122.14,61.07,55,Inactive
18019,1,52,38.45,38.45,7,Inactive
18022,1,36,668.11,668.11,736,Inactive
18024,2,153,389.78,194.89,184,Inactive
18027,1,99,115.31,115.31,78,Inactive
18030,2,4,230.65,115.32,67,New
18032,1,334,73.5,73.5,42,Inactive
18033,1,65,97.97,97.97,253,Inactive
18034,2,22,422.88,211.44,561,Inactive
18035,3,36,730.4,243.47,611,Inactive
18036,3,32,405.62,135.21,234,Inactive
18037,6,154,70.02,11.67,20,Risk
18040,2,19,357.2,178.6,148,Inactive
18041,21,12,4183.39,199.21,3819,Loyal
18042,1,54,165.05,165.05,33,Inactive
18043,3,25,559.51,186.5,282,Inactive
18044,10,4,2088.6,208.86,1033,Loyal
18045,1,45,189.4,189.4,142,Inactive
18048,2,203,172.29,86.15,127,Inactive
18050,1,359,74.4,74.4,40,Inactive
18053,1,71,300.02,300.02,302,Inactive
18055,10,7,6784.19,678.42,2455,VIP
18056,1,288,363.65,363.65,211,Inactive
18058,1,10,170.16,170.16,88,New
18059,3,23,306.46,102.15,258,Inactive
18061,10,22,2119.41,211.94,955,Risk
18062,3,173,720.52,240.17,396,Inactive
18064,2,133,814.0,407.0,384,Inactive
18065,14,6,2392.83,170.92,1027,Loyal
18066,1,75,318.0,318.0,108,Inactive
18067,1,40,396.33,396.33,189,Inactive
18068,1,289,101.7,101.7,6,Inactive
18069,5,26,2036.67,407.33,1311,Risk
18071,2,258,453.0,226.5,260,Inactive
18073,12,114,3877.52,323.13,3108,Risk
18074,1,374,489.6,489.6,190,Inactive
18075,10,23,2611.75,261.18,1464,Risk
18077,11,8,2633.01,239.36,1878,Loyal
18078,2,217,336.13,168.06,145,Inactive
18079,4,45,3651.97,912.99,7432,Inactive
18080,2,19,1231.5,615.75,642,Inactive
18081,3,36,343.45,114.48,195,Inactive
18082,1,26,703.37,703.37,621,Inactive
18084,1,16,90.48,90.48,312,New
18085,2,330,689.95,344.98,265,Inactive
18086,1,274,101.34,101.34,106,Inactive
18087,2,98,4055.72,2027.86,3907,Inactive
18088,1,61,167.67,167.67,109,Inactive
18092,11,2,9068.26,824.39,4252,VIP
18093,4,93,2106.52,526.63,1392,Inactive
18094,7,82,3017.3,431.04,2518,Risk
18095,2,313,580.05,290.02,419,Inactive
18096,3,12,911.15,303.72,825,New
18097,6,8,2697.8,449.63,1686,VIP
18099,1,127,168.31,168.31,149,Inactive
18101,2,11,223.65,111.82,88,New
18102,60,1,259657.3,4327.62,64124,VIP
18104,1,37,754.64,754.64,362,Inactive
18105,1,38,113.48,113.48,46,Inactive
18106,1,330,430.7,430.7,128,Inactive
18108,1,254,271.0,271.0,84,Inactive
18109,26,2,8052.97,309.73,4237,Loyal
18110,1,20,236.3,236.3,86,Inactive
18112,2,12,352.69,176.34,255,New
18113,1,369,76.32,76.32,72,Inactive
18114,1,290,220.1,220.1,55,Inactive
18116,8,68,1418.03,177.25,848,Risk
18117,1,26,320.72,320.72,618,Inactive
18118,26,11,5653.82,217.45,2882,Loyal
18119,1,368,181.12,181.12,125,Inactive
18120,1,214,111.15,111.15,31,Inactive
18121,2,149,673.1,336.55,450,Inactive
18122,6,8,1826.21,304.37,1234,Loyal
18123,2,24,589.44,294.72,594,Inactive
18125,4,30,1142.99,285.75,804,Inactive
18126,1,61,206.83,206.83,144,Inactive
18127,3,19,348.73,116.24,188,Inactive
18129,1,243,112.55,112.55,48,Inactive
18130,3,15,1059.39,353.13,824,New
18133,1,212,931.5,931.5,1350,Inactive
18135,5,29,681.91,136.38,349,Risk
18136,3,63,784.33,261.44,379,Inactive
18138,1,295,152.65,152.65,38,Inactive
18139,6,18,8438.34,1406.39,5557,VIP
18142,2,157,1019.52,509.76,1276,Inactive
18143,2,117,1000.16,500.08,570,Inactive
18144,12,8,2888.75,240.73,1343,Loyal
18145,4,13,2861.55,715.39,2625,New
18146,2,141,160.35,80.18,153,Inactive
18147,2,46,179.34,89.67,203,Inactive
18149,3,51,612.08,204.03,310,Inactive
18150,3,32,566.58,188.86,332,Inactive
18151,2,135,653.35,326.68,355,Inactive
18154,2,3,399.19,199.59,255,New
18155,3,75,371.62,123.87,266,Inactive
18156,2,13,734.94,367.47,301,New
18158,2,9,453.4,226.7,354,New
18159,1,301,530.15,530.15,139,Inactive
18160,2,57,638.06,319.03,294,Inactive
18161,5,15,1618.69,323.74,812,Loyal
18164,1,37,399.65,399.65,184,Inactive
18165,1,177,302.46,302.46,254,Inactive
18167,3,23,1384.86,461.62,382,Inactive
18168,6,176,1169.94,194.99,594,Risk
18169,1,61,202.65,202.65,61,Inactive
18170,3,33,980.31,326.77,409,Inactive
18171,5,59,1231.31,246.26,481,Risk
18172,20,15,7561.68,378.08,3184,Loyal
18173,4,87,2106.84,526.71,1220,Inactive
18174,1,7,104.0,104.0,50,New
18176,1,358,476.35,476.35,283,Inactive
18177,6,31,1341.42,223.57,710,Risk
18178,4,129,1590.81,397.7,983,Inactive
18179,6,9,1793.17,298.86,1360,Loyal
18180,6,5,1843.75,307.29,1721,Loyal
18181,1,24,382.8,382.8,146,Inactive
18183,2,227,632.07,316.04,371,Inactive
18184,1,15,49.8,49.8,60,New
18185,1,249,304.25,304.25,183,Inactive
18188,3,15,2001.04,667.01,1168,New
18189,2,78,1090.24,545.12,566,Inactive
18190,2,192,284.46,142.23,140,Inactive
18191,1,262,207.8,207.8,140,Inactive
18192,1,72,957.97,957.97,339,Inactive
18193,1,165,243.76,243.76,124,Inactive
18194,1,82,973.84,973.84,632,Inactive
18196,2,95,689.13,344.56,433,Inactive
18198,17,4,5425.56,319.15,4074,Loyal
18200,1,106,163.8,163.8,111,Inactive
18202,3,200,1396.99,465.66,581,Inactive
18203,1,157,160.42,160.42,43,Inactive
18204,3,71,1993.7,664.57,1200,Inactive
18205,2,36,517.36,258.68,192,Inactive
18209,1,29,139.1,139.1,58,Inactive
18210,6,2,2621.38,436.9,1398,VIP
18211,5,26,600.07,120.01,359,Risk
18212,1,326,248.42,248.42,101,Inactive
18213,1,237,232.48,232.48,232,Inactive
18215,1,89,299.34,299.34,118,Inactive
18216,1,31,481.75,481.75,200,Inactive
18217,2,29,621.75,310.88,491,Inactive
18218,2,211,662.08,331.04,584,Inactive
18219,10,3,2069.77,206.98,885,Loyal
18220,1,227,305.28,305.28,288,Inactive
18221,5,22,1041.61,208.32,791,Risk
18222,1,93,443.0,443.0,335,Inactive
18223,14,5,6484.54,463.18,2948,VIP
18224,1,264,158.95,158.95,69,Inactive
18225,12,3,5509.12,459.09,3244,VIP
18226,11,44,5228.05,475.28,3466,Risk
18227,1,218,93.75,93.75,21,Inactive
18228,2,57,779.9,389.95,238,Inactive
18229,20,12,7276.9,363.84,2488,Loyal
18230,7,9,2810.2,401.46,1316,Loyal
18231,5,192,2083.27,416.65,821,Risk
18232,4,82,592.97,148.24,302,Inactive
18233,1,326,440.0,440.0,4,Inactive
18235,3,72,1796.48,598.83,1578,Inactive
18236,6,30,882.24,147.04,403,Risk
18237,5,3,987.1,197.42,622,Loyal
18239,5,219,1561.61,312.32,795,Risk
18240,1,46,422.58,422.58,126,Inactive
18241,17,10,2073.09,121.95,1051,Loyal
18242,4,72,2232.49,558.12,1017,Inactive
18245,7,7,2567.06,366.72,1788,Loyal
18246,2,24,596.1,298.05,166,Inactive
18248,2,123,804.02,402.01,511,Inactive
18249,1,17,95.34,95.34,128,New
18250,1,310,349.27,349.27,199,Inactive
18251,1,87,4314.72,4314.72,7824,Inactive
18252,2,51,526.67,263.33,239,Inactive
18255,1,89,103.3,103.3,74,Inactive
18257,7,39,2302.23,328.89,1029,Risk
18259,3,25,2338.6,779.53,714,Inactive
18260,6,173,2643.2,440.53,1478,Risk
18261,2,43,324.24,162.12,146,Inactive
18262,1,140,149.48,149.48,182,Inactive
18263,3,26,1213.16,404.39,1468,Inactive
18265,2,72,801.51,400.76,311,Inactive
18268,1,134,25.5,25.5,2,Inactive
18269,1,366,168.6,168.6,76,Inactive
18270,2,38,283.15,141.58,101,Inactive
18272,6,3,3078.58,513.1,2050,VIP
18273,3,2,204.0,68.0,80,New
18276,1,44,335.86,335.86,186,Inactive
18277,1,58,110.38,110.38,68,Inactive
18278,1,74,173.9,173.9,66,Inactive
18280,1,278,180.6,180.6,45,Inactive
18281,1,181,80.82,80.82,54,Inactive
18282,2,8,178.05,89.02,103,New
18283,16,4,2094.88,130.93,1397,Loyal
18287,3,43,1837.28,612.43,1586,Inactive
